<metadata xml:lang="es"><Esri><CreaDate>20210413</CreaDate><CreaTime>09535100</CreaTime><ArcGISFormat>1.0</ArcGISFormat><ArcGISstyle>FGDC CSDGM Metadata</ArcGISstyle><SyncOnce>FALSE</SyncOnce><DataProperties><lineage><Process ToolSource="c:\program files (x86)\arcgis\desktop10.8\ArcToolbox\Toolboxes\Data Management Tools.tbx\CreateFeatureclass" Date="20210413" Time="095351">CreateFeatureclass D:\HOME_OFFICE\Validacion_Climas_muestras\Validacion_INDICE_ESTREMOS_CLIMATICOS\GDB_Indices_extremos.gdb\Datos_Regiones_Dataset_ITRF2008 tendencia_regional_prcptot POLYGON 'D:\HOME_OFFICE\Validacion_Climas_muestras\Validacion_INDICE_ESTREMOS_CLIMATICOS\DATOS REGIONALES\2 TENDENCIAS\Anuales\tendencia_regional_prcptot_ITRF08.shp' DISABLED DISABLED "{B286C06B-0879-11D2-AACA-00C04FA33C20};-450359962737.05 -450359962737.05 10000;#;#;0.001;#;#;IsHighPrecision" # 0 0 0</Process><Process ToolSource="c:\program files (x86)\arcgis\desktop10.8\ArcToolbox\Toolboxes\Data Management Tools.tbx\AssignDomainToField" Date="20210420" Time="162920">AssignDomainToField D:\HOME_OFFICE\Validacion_Climas_muestras\Validacion_INDICE_ESTREMOS_CLIMATICOS\GDB_Indices_extremos.gdb\Datos_Regiones_Dataset_ITRF2008\tendencia_regional_prcptot INICIO INICIO #</Process><Process ToolSource="c:\program files (x86)\arcgis\desktop10.8\ArcToolbox\Toolboxes\Data Management Tools.tbx\AssignDomainToField" Date="20210420" Time="162924">AssignDomainToField D:\HOME_OFFICE\Validacion_Climas_muestras\Validacion_INDICE_ESTREMOS_CLIMATICOS\GDB_Indices_extremos.gdb\Datos_Regiones_Dataset_ITRF2008\tendencia_regional_prcptot FIN FIN #</Process><Process ToolSource="c:\program files (x86)\arcgis\desktop10.8\ArcToolbox\Toolboxes\Data Management Tools.tbx\AssignDomainToField" Date="20210420" Time="162929">AssignDomainToField D:\HOME_OFFICE\Validacion_Climas_muestras\Validacion_INDICE_ESTREMOS_CLIMATICOS\GDB_Indices_extremos.gdb\Datos_Regiones_Dataset_ITRF2008\tendencia_regional_prcptot PRCPTOT_P PRCPT_P #</Process><Process ToolSource="c:\program files (x86)\arcgis\desktop10.8\ArcToolbox\Toolboxes\Data Management Tools.tbx\AssignDomainToField" Date="20210420" Time="162933">AssignDomainToField D:\HOME_OFFICE\Validacion_Climas_muestras\Validacion_INDICE_ESTREMOS_CLIMATICOS\GDB_Indices_extremos.gdb\Datos_Regiones_Dataset_ITRF2008\tendencia_regional_prcptot C_V C_V #</Process><Process ToolSource="c:\program files (x86)\arcgis\desktop10.8\ArcToolbox\Toolboxes\Data Management Tools.tbx\AssignDomainToField" Date="20210420" Time="162938">AssignDomainToField D:\HOME_OFFICE\Validacion_Climas_muestras\Validacion_INDICE_ESTREMOS_CLIMATICOS\GDB_Indices_extremos.gdb\Datos_Regiones_Dataset_ITRF2008\tendencia_regional_prcptot TEND_L TEND_L #</Process><Process ToolSource="c:\program files (x86)\arcgis\desktop10.8\ArcToolbox\Toolboxes\Data Management Tools.tbx\AssignDomainToField" Date="20210420" Time="162942">AssignDomainToField D:\HOME_OFFICE\Validacion_Climas_muestras\Validacion_INDICE_ESTREMOS_CLIMATICOS\GDB_Indices_extremos.gdb\Datos_Regiones_Dataset_ITRF2008\tendencia_regional_prcptot P_VAL P_VAL #</Process><Process ToolSource="c:\program files (x86)\arcgis\desktop10.8\ArcToolbox\Toolboxes\Data Management Tools.tbx\AssignDomainToField" Date="20210420" Time="162947">AssignDomainToField D:\HOME_OFFICE\Validacion_Climas_muestras\Validacion_INDICE_ESTREMOS_CLIMATICOS\GDB_Indices_extremos.gdb\Datos_Regiones_Dataset_ITRF2008\tendencia_regional_prcptot DESV_EST DESV_EST #</Process><Process ToolSource="c:\program files (x86)\arcgis\desktop10.8\ArcToolbox\Toolboxes\Data Management Tools.tbx\AssignDomainToField" Date="20210420" Time="162951">AssignDomainToField D:\HOME_OFFICE\Validacion_Climas_muestras\Validacion_INDICE_ESTREMOS_CLIMATICOS\GDB_Indices_extremos.gdb\Datos_Regiones_Dataset_ITRF2008\tendencia_regional_prcptot N_T_CRIT N_T_CRIT #</Process><Process ToolSource="c:\program files (x86)\arcgis\desktop10.8\ArcToolbox\Toolboxes\Data Management Tools.tbx\AssignDomainToField" Date="20210420" Time="162955">AssignDomainToField D:\HOME_OFFICE\Validacion_Climas_muestras\Validacion_INDICE_ESTREMOS_CLIMATICOS\GDB_Indices_extremos.gdb\Datos_Regiones_Dataset_ITRF2008\tendencia_regional_prcptot VAR_PER VAR_PER #</Process><Process ToolSource="c:\program files (x86)\arcgis\desktop10.8\ArcToolbox\Toolboxes\Data Management Tools.tbx\AssignDomainToField" Date="20210420" Time="162959">AssignDomainToField D:\HOME_OFFICE\Validacion_Climas_muestras\Validacion_INDICE_ESTREMOS_CLIMATICOS\GDB_Indices_extremos.gdb\Datos_Regiones_Dataset_ITRF2008\tendencia_regional_prcptot SIG_EST SIG_EST #</Process><Process ToolSource="c:\program files (x86)\arcgis\desktop10.8\ArcToolbox\Toolboxes\Data Management Tools.tbx\AssignDomainToField" Date="20210420" Time="163004">AssignDomainToField D:\HOME_OFFICE\Validacion_Climas_muestras\Validacion_INDICE_ESTREMOS_CLIMATICOS\GDB_Indices_extremos.gdb\Datos_Regiones_Dataset_ITRF2008\tendencia_regional_prcptot Cal_pos Cal_pos #</Process><Process ToolSource="c:\program files (x86)\arcgis\desktop10.8\ArcToolbox\Toolboxes\Data Management Tools.tbx\AssignDomainToField" Date="20210420" Time="163011">AssignDomainToField D:\HOME_OFFICE\Validacion_Climas_muestras\Validacion_INDICE_ESTREMOS_CLIMATICOS\GDB_Indices_extremos.gdb\Datos_Regiones_Dataset_ITRF2008\tendencia_regional_prcptot AÑOS_REG AÑOS_REG #</Process><Process ToolSource="c:\program files (x86)\arcgis\desktop10.8\ArcToolbox\Toolboxes\Data Management Tools.tbx\AssignDomainToField" Date="20210420" Time="163015">AssignDomainToField D:\HOME_OFFICE\Validacion_Climas_muestras\Validacion_INDICE_ESTREMOS_CLIMATICOS\GDB_Indices_extremos.gdb\Datos_Regiones_Dataset_ITRF2008\tendencia_regional_prcptot AÑOS AÑOS_CCD_MEN_PROM #</Process><Process ToolSource="c:\program files (x86)\arcgis\desktop10.8\ArcToolbox\Toolboxes\Data Management Tools.tbx\AssignDomainToField" Date="20210421" Time="105723">AssignDomainToField D:\HOME_OFFICE\Validacion_Climas_muestras\Validacion_INDICE_ESTREMOS_CLIMATICOS\GDB_Indices_extremos.gdb\Datos_Regiones_Dataset_ITRF2008\tendencia_regional_prcptot INICIO INICIO #</Process><Process ToolSource="c:\program files (x86)\arcgis\desktop10.8\ArcToolbox\Toolboxes\Data Management Tools.tbx\AssignDomainToField" Date="20210421" Time="105726">AssignDomainToField D:\HOME_OFFICE\Validacion_Climas_muestras\Validacion_INDICE_ESTREMOS_CLIMATICOS\GDB_Indices_extremos.gdb\Datos_Regiones_Dataset_ITRF2008\tendencia_regional_prcptot FIN FIN #</Process><Process ToolSource="c:\program files (x86)\arcgis\desktop10.8\ArcToolbox\Toolboxes\Data Management Tools.tbx\AssignDomainToField" Date="20210421" Time="105729">AssignDomainToField D:\HOME_OFFICE\Validacion_Climas_muestras\Validacion_INDICE_ESTREMOS_CLIMATICOS\GDB_Indices_extremos.gdb\Datos_Regiones_Dataset_ITRF2008\tendencia_regional_prcptot PRCPTOT_P PRCPT_P #</Process><Process ToolSource="c:\program files (x86)\arcgis\desktop10.8\ArcToolbox\Toolboxes\Data Management Tools.tbx\AssignDomainToField" Date="20210421" Time="105731">AssignDomainToField D:\HOME_OFFICE\Validacion_Climas_muestras\Validacion_INDICE_ESTREMOS_CLIMATICOS\GDB_Indices_extremos.gdb\Datos_Regiones_Dataset_ITRF2008\tendencia_regional_prcptot C_V C_V #</Process><Process ToolSource="c:\program files (x86)\arcgis\desktop10.8\ArcToolbox\Toolboxes\Data Management Tools.tbx\AssignDomainToField" Date="20210421" Time="105734">AssignDomainToField D:\HOME_OFFICE\Validacion_Climas_muestras\Validacion_INDICE_ESTREMOS_CLIMATICOS\GDB_Indices_extremos.gdb\Datos_Regiones_Dataset_ITRF2008\tendencia_regional_prcptot TEND_L TEND_L #</Process><Process ToolSource="c:\program files (x86)\arcgis\desktop10.8\ArcToolbox\Toolboxes\Data Management Tools.tbx\AssignDomainToField" Date="20210421" Time="105736">AssignDomainToField D:\HOME_OFFICE\Validacion_Climas_muestras\Validacion_INDICE_ESTREMOS_CLIMATICOS\GDB_Indices_extremos.gdb\Datos_Regiones_Dataset_ITRF2008\tendencia_regional_prcptot P_VAL P_VAL #</Process><Process ToolSource="c:\program files (x86)\arcgis\desktop10.8\ArcToolbox\Toolboxes\Data Management Tools.tbx\AssignDomainToField" Date="20210421" Time="105739">AssignDomainToField D:\HOME_OFFICE\Validacion_Climas_muestras\Validacion_INDICE_ESTREMOS_CLIMATICOS\GDB_Indices_extremos.gdb\Datos_Regiones_Dataset_ITRF2008\tendencia_regional_prcptot DESV_EST DESV_EST #</Process><Process ToolSource="c:\program files (x86)\arcgis\desktop10.8\ArcToolbox\Toolboxes\Data Management Tools.tbx\AssignDomainToField" Date="20210421" Time="105742">AssignDomainToField D:\HOME_OFFICE\Validacion_Climas_muestras\Validacion_INDICE_ESTREMOS_CLIMATICOS\GDB_Indices_extremos.gdb\Datos_Regiones_Dataset_ITRF2008\tendencia_regional_prcptot N_T_CRIT N_T_CRIT #</Process><Process ToolSource="c:\program files (x86)\arcgis\desktop10.8\ArcToolbox\Toolboxes\Data Management Tools.tbx\AssignDomainToField" Date="20210421" Time="105744">AssignDomainToField D:\HOME_OFFICE\Validacion_Climas_muestras\Validacion_INDICE_ESTREMOS_CLIMATICOS\GDB_Indices_extremos.gdb\Datos_Regiones_Dataset_ITRF2008\tendencia_regional_prcptot VAR_PER VAR_PER #</Process><Process ToolSource="c:\program files (x86)\arcgis\desktop10.8\ArcToolbox\Toolboxes\Data Management Tools.tbx\AssignDomainToField" Date="20210421" Time="105747">AssignDomainToField D:\HOME_OFFICE\Validacion_Climas_muestras\Validacion_INDICE_ESTREMOS_CLIMATICOS\GDB_Indices_extremos.gdb\Datos_Regiones_Dataset_ITRF2008\tendencia_regional_prcptot SIG_EST SIG_EST #</Process><Process ToolSource="c:\program files (x86)\arcgis\desktop10.8\ArcToolbox\Toolboxes\Data Management Tools.tbx\AssignDomainToField" Date="20210421" Time="105749">AssignDomainToField D:\HOME_OFFICE\Validacion_Climas_muestras\Validacion_INDICE_ESTREMOS_CLIMATICOS\GDB_Indices_extremos.gdb\Datos_Regiones_Dataset_ITRF2008\tendencia_regional_prcptot Cal_pos Cal_pos #</Process><Process ToolSource="c:\program files (x86)\arcgis\desktop10.8\ArcToolbox\Toolboxes\Data Management Tools.tbx\AssignDomainToField" Date="20210421" Time="105753">AssignDomainToField D:\HOME_OFFICE\Validacion_Climas_muestras\Validacion_INDICE_ESTREMOS_CLIMATICOS\GDB_Indices_extremos.gdb\Datos_Regiones_Dataset_ITRF2008\tendencia_regional_prcptot AÑOS_REG AÑOS_REG #</Process><Process ToolSource="c:\program files (x86)\arcgis\desktop10.8\ArcToolbox\Toolboxes\Data Management Tools.tbx\AssignDomainToField" Date="20210421" Time="105755">AssignDomainToField D:\HOME_OFFICE\Validacion_Climas_muestras\Validacion_INDICE_ESTREMOS_CLIMATICOS\GDB_Indices_extremos.gdb\Datos_Regiones_Dataset_ITRF2008\tendencia_regional_prcptot AÑOS AÑOS_CCD_MEN_PROM #</Process><Process ToolSource="c:\program files (x86)\arcgis\desktop10.8\ArcToolbox\Toolboxes\Data Management Tools.tbx\AssignDomainToField" Date="20210421" Time="192127">AssignDomainToField D:\HOME_OFFICE\Validacion_Climas_muestras\Validacion_INDICE_ESTREMOS_CLIMATICOS\GDB_Indices_extremos.gdb\Datos_Regiones_Dataset_ITRF2008\tendencia_regional_prcptot INICIO INICIO #</Process><Process ToolSource="c:\program files (x86)\arcgis\desktop10.8\ArcToolbox\Toolboxes\Data Management Tools.tbx\AssignDomainToField" Date="20210421" Time="192131">AssignDomainToField D:\HOME_OFFICE\Validacion_Climas_muestras\Validacion_INDICE_ESTREMOS_CLIMATICOS\GDB_Indices_extremos.gdb\Datos_Regiones_Dataset_ITRF2008\tendencia_regional_prcptot FIN FIN #</Process><Process ToolSource="c:\program files (x86)\arcgis\desktop10.8\ArcToolbox\Toolboxes\Data Management Tools.tbx\AssignDomainToField" Date="20210421" Time="192135">AssignDomainToField D:\HOME_OFFICE\Validacion_Climas_muestras\Validacion_INDICE_ESTREMOS_CLIMATICOS\GDB_Indices_extremos.gdb\Datos_Regiones_Dataset_ITRF2008\tendencia_regional_prcptot PRCPTOT_P PRCPT_P #</Process><Process ToolSource="c:\program files (x86)\arcgis\desktop10.8\ArcToolbox\Toolboxes\Data Management Tools.tbx\AssignDomainToField" Date="20210421" Time="192139">AssignDomainToField D:\HOME_OFFICE\Validacion_Climas_muestras\Validacion_INDICE_ESTREMOS_CLIMATICOS\GDB_Indices_extremos.gdb\Datos_Regiones_Dataset_ITRF2008\tendencia_regional_prcptot C_V C_V #</Process><Process ToolSource="c:\program files (x86)\arcgis\desktop10.8\ArcToolbox\Toolboxes\Data Management Tools.tbx\AssignDomainToField" Date="20210421" Time="192143">AssignDomainToField D:\HOME_OFFICE\Validacion_Climas_muestras\Validacion_INDICE_ESTREMOS_CLIMATICOS\GDB_Indices_extremos.gdb\Datos_Regiones_Dataset_ITRF2008\tendencia_regional_prcptot TEND_L TEND_L #</Process><Process ToolSource="c:\program files (x86)\arcgis\desktop10.8\ArcToolbox\Toolboxes\Data Management Tools.tbx\AssignDomainToField" Date="20210421" Time="192146">AssignDomainToField D:\HOME_OFFICE\Validacion_Climas_muestras\Validacion_INDICE_ESTREMOS_CLIMATICOS\GDB_Indices_extremos.gdb\Datos_Regiones_Dataset_ITRF2008\tendencia_regional_prcptot P_VAL P_VAL #</Process><Process ToolSource="c:\program files (x86)\arcgis\desktop10.8\ArcToolbox\Toolboxes\Data Management Tools.tbx\AssignDomainToField" Date="20210421" Time="192150">AssignDomainToField D:\HOME_OFFICE\Validacion_Climas_muestras\Validacion_INDICE_ESTREMOS_CLIMATICOS\GDB_Indices_extremos.gdb\Datos_Regiones_Dataset_ITRF2008\tendencia_regional_prcptot DESV_EST DESV_EST #</Process><Process ToolSource="c:\program files (x86)\arcgis\desktop10.8\ArcToolbox\Toolboxes\Data Management Tools.tbx\AssignDomainToField" Date="20210421" Time="192154">AssignDomainToField D:\HOME_OFFICE\Validacion_Climas_muestras\Validacion_INDICE_ESTREMOS_CLIMATICOS\GDB_Indices_extremos.gdb\Datos_Regiones_Dataset_ITRF2008\tendencia_regional_prcptot N_T_CRIT N_T_CRIT #</Process><Process ToolSource="c:\program files (x86)\arcgis\desktop10.8\ArcToolbox\Toolboxes\Data Management Tools.tbx\AssignDomainToField" Date="20210421" Time="192158">AssignDomainToField D:\HOME_OFFICE\Validacion_Climas_muestras\Validacion_INDICE_ESTREMOS_CLIMATICOS\GDB_Indices_extremos.gdb\Datos_Regiones_Dataset_ITRF2008\tendencia_regional_prcptot VAR_PER VAR_PER #</Process><Process ToolSource="c:\program files (x86)\arcgis\desktop10.8\ArcToolbox\Toolboxes\Data Management Tools.tbx\AssignDomainToField" Date="20210421" Time="192202">AssignDomainToField D:\HOME_OFFICE\Validacion_Climas_muestras\Validacion_INDICE_ESTREMOS_CLIMATICOS\GDB_Indices_extremos.gdb\Datos_Regiones_Dataset_ITRF2008\tendencia_regional_prcptot SIG_EST SIG_EST #</Process><Process ToolSource="c:\program files (x86)\arcgis\desktop10.8\ArcToolbox\Toolboxes\Data Management Tools.tbx\AssignDomainToField" Date="20210421" Time="192206">AssignDomainToField D:\HOME_OFFICE\Validacion_Climas_muestras\Validacion_INDICE_ESTREMOS_CLIMATICOS\GDB_Indices_extremos.gdb\Datos_Regiones_Dataset_ITRF2008\tendencia_regional_prcptot Cal_pos Cal_pos #</Process><Process ToolSource="c:\program files (x86)\arcgis\desktop10.8\ArcToolbox\Toolboxes\Data Management Tools.tbx\AssignDomainToField" Date="20210421" Time="192212">AssignDomainToField D:\HOME_OFFICE\Validacion_Climas_muestras\Validacion_INDICE_ESTREMOS_CLIMATICOS\GDB_Indices_extremos.gdb\Datos_Regiones_Dataset_ITRF2008\tendencia_regional_prcptot AÑOS_REG AÑOS_REG #</Process><Process ToolSource="c:\program files (x86)\arcgis\desktop10.8\ArcToolbox\Toolboxes\Data Management Tools.tbx\AssignDomainToField" Date="20210421" Time="192216">AssignDomainToField D:\HOME_OFFICE\Validacion_Climas_muestras\Validacion_INDICE_ESTREMOS_CLIMATICOS\GDB_Indices_extremos.gdb\Datos_Regiones_Dataset_ITRF2008\tendencia_regional_prcptot AÑOS AÑOS_CCD_MEN_PROM #</Process><Process ToolSource="c:\program files (x86)\arcgis\desktop10.8\ArcToolbox\Toolboxes\Data Management Tools.tbx\AssignDomainToField" Date="20210421" Time="205740">AssignDomainToField D:\HOME_OFFICE\Validacion_Climas_muestras\Validacion_INDICE_ESTREMOS_CLIMATICOS\GDB_Indices_extremos.gdb\Datos_Regiones_Dataset_ITRF2008\tendencia_regional_prcptot INICIO INICIO #</Process><Process ToolSource="c:\program files (x86)\arcgis\desktop10.8\ArcToolbox\Toolboxes\Data Management Tools.tbx\AssignDomainToField" Date="20210421" Time="205742">AssignDomainToField D:\HOME_OFFICE\Validacion_Climas_muestras\Validacion_INDICE_ESTREMOS_CLIMATICOS\GDB_Indices_extremos.gdb\Datos_Regiones_Dataset_ITRF2008\tendencia_regional_prcptot FIN FIN #</Process><Process ToolSource="c:\program files (x86)\arcgis\desktop10.8\ArcToolbox\Toolboxes\Data Management Tools.tbx\AssignDomainToField" Date="20210421" Time="205745">AssignDomainToField D:\HOME_OFFICE\Validacion_Climas_muestras\Validacion_INDICE_ESTREMOS_CLIMATICOS\GDB_Indices_extremos.gdb\Datos_Regiones_Dataset_ITRF2008\tendencia_regional_prcptot PRCPTOT_P PRCPT_P #</Process><Process ToolSource="c:\program files (x86)\arcgis\desktop10.8\ArcToolbox\Toolboxes\Data Management Tools.tbx\AssignDomainToField" Date="20210421" Time="205747">AssignDomainToField D:\HOME_OFFICE\Validacion_Climas_muestras\Validacion_INDICE_ESTREMOS_CLIMATICOS\GDB_Indices_extremos.gdb\Datos_Regiones_Dataset_ITRF2008\tendencia_regional_prcptot C_V C_V #</Process><Process ToolSource="c:\program files (x86)\arcgis\desktop10.8\ArcToolbox\Toolboxes\Data Management Tools.tbx\AssignDomainToField" Date="20210421" Time="205749">AssignDomainToField D:\HOME_OFFICE\Validacion_Climas_muestras\Validacion_INDICE_ESTREMOS_CLIMATICOS\GDB_Indices_extremos.gdb\Datos_Regiones_Dataset_ITRF2008\tendencia_regional_prcptot TEND_L TEND_L #</Process><Process ToolSource="c:\program files (x86)\arcgis\desktop10.8\ArcToolbox\Toolboxes\Data Management Tools.tbx\AssignDomainToField" Date="20210421" Time="205751">AssignDomainToField D:\HOME_OFFICE\Validacion_Climas_muestras\Validacion_INDICE_ESTREMOS_CLIMATICOS\GDB_Indices_extremos.gdb\Datos_Regiones_Dataset_ITRF2008\tendencia_regional_prcptot P_VAL P_VAL #</Process><Process ToolSource="c:\program files (x86)\arcgis\desktop10.8\ArcToolbox\Toolboxes\Data Management Tools.tbx\AssignDomainToField" Date="20210421" Time="205753">AssignDomainToField D:\HOME_OFFICE\Validacion_Climas_muestras\Validacion_INDICE_ESTREMOS_CLIMATICOS\GDB_Indices_extremos.gdb\Datos_Regiones_Dataset_ITRF2008\tendencia_regional_prcptot DESV_EST DESV_EST #</Process><Process ToolSource="c:\program files (x86)\arcgis\desktop10.8\ArcToolbox\Toolboxes\Data Management Tools.tbx\AssignDomainToField" Date="20210421" Time="205755">AssignDomainToField D:\HOME_OFFICE\Validacion_Climas_muestras\Validacion_INDICE_ESTREMOS_CLIMATICOS\GDB_Indices_extremos.gdb\Datos_Regiones_Dataset_ITRF2008\tendencia_regional_prcptot N_T_CRIT N_T_CRIT #</Process><Process ToolSource="c:\program files (x86)\arcgis\desktop10.8\ArcToolbox\Toolboxes\Data Management Tools.tbx\AssignDomainToField" Date="20210421" Time="205757">AssignDomainToField D:\HOME_OFFICE\Validacion_Climas_muestras\Validacion_INDICE_ESTREMOS_CLIMATICOS\GDB_Indices_extremos.gdb\Datos_Regiones_Dataset_ITRF2008\tendencia_regional_prcptot VAR_PER VAR_PER #</Process><Process ToolSource="c:\program files (x86)\arcgis\desktop10.8\ArcToolbox\Toolboxes\Data Management Tools.tbx\AssignDomainToField" Date="20210421" Time="205759">AssignDomainToField D:\HOME_OFFICE\Validacion_Climas_muestras\Validacion_INDICE_ESTREMOS_CLIMATICOS\GDB_Indices_extremos.gdb\Datos_Regiones_Dataset_ITRF2008\tendencia_regional_prcptot SIG_EST SIG_EST #</Process><Process ToolSource="c:\program files (x86)\arcgis\desktop10.8\ArcToolbox\Toolboxes\Data Management Tools.tbx\AssignDomainToField" Date="20210421" Time="205802">AssignDomainToField D:\HOME_OFFICE\Validacion_Climas_muestras\Validacion_INDICE_ESTREMOS_CLIMATICOS\GDB_Indices_extremos.gdb\Datos_Regiones_Dataset_ITRF2008\tendencia_regional_prcptot Cal_pos Cal_pos #</Process><Process ToolSource="c:\program files (x86)\arcgis\desktop10.8\ArcToolbox\Toolboxes\Data Management Tools.tbx\AssignDomainToField" Date="20210421" Time="205805">AssignDomainToField D:\HOME_OFFICE\Validacion_Climas_muestras\Validacion_INDICE_ESTREMOS_CLIMATICOS\GDB_Indices_extremos.gdb\Datos_Regiones_Dataset_ITRF2008\tendencia_regional_prcptot AÑOS_REG AÑOS_REG #</Process><Process ToolSource="c:\program files (x86)\arcgis\desktop10.8\ArcToolbox\Toolboxes\Data Management Tools.tbx\AssignDomainToField" Date="20210421" Time="205807">AssignDomainToField D:\HOME_OFFICE\Validacion_Climas_muestras\Validacion_INDICE_ESTREMOS_CLIMATICOS\GDB_Indices_extremos.gdb\Datos_Regiones_Dataset_ITRF2008\tendencia_regional_prcptot AÑOS AÑOS_CCD_MEN_PROM #</Process><Process ToolSource="c:\program files (x86)\arcgis\desktop10.8\ArcToolbox\Toolboxes\Data Management Tools.tbx\AssignDomainToField" Date="20210421" Time="220610">AssignDomainToField D:\HOME_OFFICE\Validacion_Climas_muestras\Validacion_INDICE_ESTREMOS_CLIMATICOS\GDB_Indices_extremos.gdb\Datos_Regiones_Dataset_ITRF2008\tendencia_regional_prcptot AÑOS_REG AÑOS_REG #</Process><Process ToolSource="c:\program files (x86)\arcgis\desktop10.8\ArcToolbox\Toolboxes\Data Management Tools.tbx\AssignDomainToField" Date="20210421" Time="220614">AssignDomainToField D:\HOME_OFFICE\Validacion_Climas_muestras\Validacion_INDICE_ESTREMOS_CLIMATICOS\GDB_Indices_extremos.gdb\Datos_Regiones_Dataset_ITRF2008\tendencia_regional_prcptot AÑOS AÑOS_CCD_MEN_PROM #</Process><Process ToolSource="c:\program files (x86)\arcgis\desktop10.8\ArcToolbox\Toolboxes\Data Management Tools.tbx\AssignDomainToField" Date="20210421" Time="220620">AssignDomainToField D:\HOME_OFFICE\Validacion_Climas_muestras\Validacion_INDICE_ESTREMOS_CLIMATICOS\GDB_Indices_extremos.gdb\Datos_Regiones_Dataset_ITRF2008\tendencia_regional_prcptot INICIO INICIO #</Process><Process ToolSource="c:\program files (x86)\arcgis\desktop10.8\ArcToolbox\Toolboxes\Data Management Tools.tbx\AssignDomainToField" Date="20210421" Time="220624">AssignDomainToField D:\HOME_OFFICE\Validacion_Climas_muestras\Validacion_INDICE_ESTREMOS_CLIMATICOS\GDB_Indices_extremos.gdb\Datos_Regiones_Dataset_ITRF2008\tendencia_regional_prcptot FIN FIN #</Process><Process ToolSource="c:\program files (x86)\arcgis\desktop10.8\ArcToolbox\Toolboxes\Data Management Tools.tbx\AssignDomainToField" Date="20210421" Time="220628">AssignDomainToField D:\HOME_OFFICE\Validacion_Climas_muestras\Validacion_INDICE_ESTREMOS_CLIMATICOS\GDB_Indices_extremos.gdb\Datos_Regiones_Dataset_ITRF2008\tendencia_regional_prcptot Cal_pos Cal_pos #</Process><Process ToolSource="c:\program files (x86)\arcgis\desktop10.8\ArcToolbox\Toolboxes\Data Management Tools.tbx\AssignDomainToField" Date="20210421" Time="220706">AssignDomainToField D:\HOME_OFFICE\Validacion_Climas_muestras\Validacion_INDICE_ESTREMOS_CLIMATICOS\GDB_Indices_extremos.gdb\Datos_Regiones_Dataset_ITRF2008\tendencia_regional_prcptot DESV_EST DESV_EST #</Process><Process ToolSource="c:\program files (x86)\arcgis\desktop10.8\ArcToolbox\Toolboxes\Data Management Tools.tbx\AssignDomainToField" Date="20210422" Time="084731">AssignDomainToField D:\HOME_OFFICE\Validacion_Climas_muestras\Validacion_INDICE_ESTREMOS_CLIMATICOS\GDB_Indices_extremos.gdb\Datos_Regiones_Dataset_ITRF2008\tendencia_regional_prcptot INICIO INICIO #</Process><Process ToolSource="c:\program files (x86)\arcgis\desktop10.8\ArcToolbox\Toolboxes\Data Management Tools.tbx\AssignDomainToField" Date="20210422" Time="084735">AssignDomainToField D:\HOME_OFFICE\Validacion_Climas_muestras\Validacion_INDICE_ESTREMOS_CLIMATICOS\GDB_Indices_extremos.gdb\Datos_Regiones_Dataset_ITRF2008\tendencia_regional_prcptot FIN FIN #</Process><Process ToolSource="c:\program files (x86)\arcgis\desktop10.8\ArcToolbox\Toolboxes\Data Management Tools.tbx\AssignDomainToField" Date="20210422" Time="084739">AssignDomainToField D:\HOME_OFFICE\Validacion_Climas_muestras\Validacion_INDICE_ESTREMOS_CLIMATICOS\GDB_Indices_extremos.gdb\Datos_Regiones_Dataset_ITRF2008\tendencia_regional_prcptot PRCPTOT_P PRCPT_P #</Process><Process ToolSource="c:\program files (x86)\arcgis\desktop10.8\ArcToolbox\Toolboxes\Data Management Tools.tbx\AssignDomainToField" Date="20210422" Time="084743">AssignDomainToField D:\HOME_OFFICE\Validacion_Climas_muestras\Validacion_INDICE_ESTREMOS_CLIMATICOS\GDB_Indices_extremos.gdb\Datos_Regiones_Dataset_ITRF2008\tendencia_regional_prcptot C_V C_V #</Process><Process ToolSource="c:\program files (x86)\arcgis\desktop10.8\ArcToolbox\Toolboxes\Data Management Tools.tbx\AssignDomainToField" Date="20210422" Time="084747">AssignDomainToField D:\HOME_OFFICE\Validacion_Climas_muestras\Validacion_INDICE_ESTREMOS_CLIMATICOS\GDB_Indices_extremos.gdb\Datos_Regiones_Dataset_ITRF2008\tendencia_regional_prcptot TEND_L TEND_L #</Process><Process ToolSource="c:\program files (x86)\arcgis\desktop10.8\ArcToolbox\Toolboxes\Data Management Tools.tbx\AssignDomainToField" Date="20210422" Time="084751">AssignDomainToField D:\HOME_OFFICE\Validacion_Climas_muestras\Validacion_INDICE_ESTREMOS_CLIMATICOS\GDB_Indices_extremos.gdb\Datos_Regiones_Dataset_ITRF2008\tendencia_regional_prcptot P_VAL P_VAL #</Process><Process ToolSource="c:\program files (x86)\arcgis\desktop10.8\ArcToolbox\Toolboxes\Data Management Tools.tbx\AssignDomainToField" Date="20210422" Time="084756">AssignDomainToField D:\HOME_OFFICE\Validacion_Climas_muestras\Validacion_INDICE_ESTREMOS_CLIMATICOS\GDB_Indices_extremos.gdb\Datos_Regiones_Dataset_ITRF2008\tendencia_regional_prcptot DESV_EST DESV_EST #</Process><Process ToolSource="c:\program files (x86)\arcgis\desktop10.8\ArcToolbox\Toolboxes\Data Management Tools.tbx\AssignDomainToField" Date="20210422" Time="084801">AssignDomainToField D:\HOME_OFFICE\Validacion_Climas_muestras\Validacion_INDICE_ESTREMOS_CLIMATICOS\GDB_Indices_extremos.gdb\Datos_Regiones_Dataset_ITRF2008\tendencia_regional_prcptot N_T_CRIT N_T_CRIT #</Process><Process ToolSource="c:\program files (x86)\arcgis\desktop10.8\ArcToolbox\Toolboxes\Data Management Tools.tbx\AssignDomainToField" Date="20210422" Time="084804">AssignDomainToField D:\HOME_OFFICE\Validacion_Climas_muestras\Validacion_INDICE_ESTREMOS_CLIMATICOS\GDB_Indices_extremos.gdb\Datos_Regiones_Dataset_ITRF2008\tendencia_regional_prcptot VAR_PER VAR_PER #</Process><Process ToolSource="c:\program files (x86)\arcgis\desktop10.8\ArcToolbox\Toolboxes\Data Management Tools.tbx\AssignDomainToField" Date="20210422" Time="084808">AssignDomainToField D:\HOME_OFFICE\Validacion_Climas_muestras\Validacion_INDICE_ESTREMOS_CLIMATICOS\GDB_Indices_extremos.gdb\Datos_Regiones_Dataset_ITRF2008\tendencia_regional_prcptot SIG_EST SIG_EST #</Process><Process ToolSource="c:\program files (x86)\arcgis\desktop10.8\ArcToolbox\Toolboxes\Data Management Tools.tbx\AssignDomainToField" Date="20210422" Time="084812">AssignDomainToField D:\HOME_OFFICE\Validacion_Climas_muestras\Validacion_INDICE_ESTREMOS_CLIMATICOS\GDB_Indices_extremos.gdb\Datos_Regiones_Dataset_ITRF2008\tendencia_regional_prcptot Cal_pos Cal_pos #</Process><Process ToolSource="c:\program files (x86)\arcgis\desktop10.8\ArcToolbox\Toolboxes\Data Management Tools.tbx\AssignDomainToField" Date="20210422" Time="085303">AssignDomainToField D:\HOME_OFFICE\Validacion_Climas_muestras\Validacion_INDICE_ESTREMOS_CLIMATICOS\GDB_Indices_extremos.gdb\Datos_Regiones_Dataset_ITRF2008\tendencia_regional_prcptot AÑOS_REG AÑOS_REG #</Process><Process ToolSource="c:\program files (x86)\arcgis\desktop10.8\ArcToolbox\Toolboxes\Data Management Tools.tbx\AssignDomainToField" Date="20210422" Time="085310">AssignDomainToField D:\HOME_OFFICE\Validacion_Climas_muestras\Validacion_INDICE_ESTREMOS_CLIMATICOS\GDB_Indices_extremos.gdb\Datos_Regiones_Dataset_ITRF2008\tendencia_regional_prcptot AÑOS AÑOS_CCD_MEN_PROM #</Process><Process ToolSource="c:\program files (x86)\arcgis\desktop10.8\ArcToolbox\Toolboxes\Data Management Tools.tbx\AssignDomainToField" Date="20210422" Time="102132">AssignDomainToField D:\HOME_OFFICE\Validacion_Climas_muestras\Validacion_INDICE_ESTREMOS_CLIMATICOS\GDB_Indices_extremos.gdb\Datos_Regiones_Dataset_ITRF2008\tendencia_regional_prcptot AÑOS_REG AÑOS_REG #</Process><Process ToolSource="c:\program files (x86)\arcgis\desktop10.8\ArcToolbox\Toolboxes\Data Management Tools.tbx\AssignDomainToField" Date="20210422" Time="102135">AssignDomainToField D:\HOME_OFFICE\Validacion_Climas_muestras\Validacion_INDICE_ESTREMOS_CLIMATICOS\GDB_Indices_extremos.gdb\Datos_Regiones_Dataset_ITRF2008\tendencia_regional_prcptot AÑOS AÑOS_CCD_MEN_PROM #</Process><Process ToolSource="c:\program files (x86)\arcgis\desktop10.8\ArcToolbox\Toolboxes\Data Management Tools.tbx\AssignDomainToField" Date="20210422" Time="102140">AssignDomainToField D:\HOME_OFFICE\Validacion_Climas_muestras\Validacion_INDICE_ESTREMOS_CLIMATICOS\GDB_Indices_extremos.gdb\Datos_Regiones_Dataset_ITRF2008\tendencia_regional_prcptot INICIO INICIO #</Process><Process ToolSource="c:\program files (x86)\arcgis\desktop10.8\ArcToolbox\Toolboxes\Data Management Tools.tbx\AssignDomainToField" Date="20210422" Time="102144">AssignDomainToField D:\HOME_OFFICE\Validacion_Climas_muestras\Validacion_INDICE_ESTREMOS_CLIMATICOS\GDB_Indices_extremos.gdb\Datos_Regiones_Dataset_ITRF2008\tendencia_regional_prcptot FIN FIN #</Process><Process ToolSource="c:\program files (x86)\arcgis\desktop10.8\ArcToolbox\Toolboxes\Data Management Tools.tbx\AssignDomainToField" Date="20210422" Time="102147">AssignDomainToField D:\HOME_OFFICE\Validacion_Climas_muestras\Validacion_INDICE_ESTREMOS_CLIMATICOS\GDB_Indices_extremos.gdb\Datos_Regiones_Dataset_ITRF2008\tendencia_regional_prcptot Cal_pos Cal_pos #</Process><Process ToolSource="c:\program files (x86)\arcgis\desktop10.8\ArcToolbox\Toolboxes\Data Management Tools.tbx\AssignDomainToField" Date="20210422" Time="102216">AssignDomainToField D:\HOME_OFFICE\Validacion_Climas_muestras\Validacion_INDICE_ESTREMOS_CLIMATICOS\GDB_Indices_extremos.gdb\Datos_Regiones_Dataset_ITRF2008\tendencia_regional_prcptot DESV_EST DESV_EST #</Process><Process ToolSource="c:\program files (x86)\arcgis\desktop10.8\ArcToolbox\Toolboxes\Data Management Tools.tbx\AssignDomainToField" Date="20210422" Time="175525">AssignDomainToField D:\HOME_OFFICE\Validacion_Climas_muestras\Validacion_INDICE_ESTREMOS_CLIMATICOS\GDB_Indices_extremos.gdb\Datos_Regiones_Dataset_ITRF2008\tendencia_regional_prcptot R_CLIM R_CLIM #</Process><Process ToolSource="c:\program files (x86)\arcgis\desktop10.8\ArcToolbox\Toolboxes\Data Management Tools.tbx\AssignDomainToField" Date="20210422" Time="175530">AssignDomainToField D:\HOME_OFFICE\Validacion_Climas_muestras\Validacion_INDICE_ESTREMOS_CLIMATICOS\GDB_Indices_extremos.gdb\Datos_Regiones_Dataset_ITRF2008\tendencia_regional_prcptot NR_CLIM N_R_CLIM #</Process><Process ToolSource="c:\program files (x86)\arcgis\desktop10.8\ArcToolbox\Toolboxes\Data Management Tools.tbx\AssignDomainToField" Date="20210422" Time="175534">AssignDomainToField D:\HOME_OFFICE\Validacion_Climas_muestras\Validacion_INDICE_ESTREMOS_CLIMATICOS\GDB_Indices_extremos.gdb\Datos_Regiones_Dataset_ITRF2008\tendencia_regional_prcptot INICIO INICIO #</Process><Process ToolSource="c:\program files (x86)\arcgis\desktop10.8\ArcToolbox\Toolboxes\Data Management Tools.tbx\AssignDomainToField" Date="20210422" Time="175538">AssignDomainToField D:\HOME_OFFICE\Validacion_Climas_muestras\Validacion_INDICE_ESTREMOS_CLIMATICOS\GDB_Indices_extremos.gdb\Datos_Regiones_Dataset_ITRF2008\tendencia_regional_prcptot FIN FIN #</Process><Process ToolSource="c:\program files (x86)\arcgis\desktop10.8\ArcToolbox\Toolboxes\Data Management Tools.tbx\AssignDomainToField" Date="20210422" Time="175543">AssignDomainToField D:\HOME_OFFICE\Validacion_Climas_muestras\Validacion_INDICE_ESTREMOS_CLIMATICOS\GDB_Indices_extremos.gdb\Datos_Regiones_Dataset_ITRF2008\tendencia_regional_prcptot PRCPTOT_P PRCPT_P #</Process><Process ToolSource="c:\program files (x86)\arcgis\desktop10.8\ArcToolbox\Toolboxes\Data Management Tools.tbx\AssignDomainToField" Date="20210422" Time="175547">AssignDomainToField D:\HOME_OFFICE\Validacion_Climas_muestras\Validacion_INDICE_ESTREMOS_CLIMATICOS\GDB_Indices_extremos.gdb\Datos_Regiones_Dataset_ITRF2008\tendencia_regional_prcptot C_V C_V #</Process><Process ToolSource="c:\program files (x86)\arcgis\desktop10.8\ArcToolbox\Toolboxes\Data Management Tools.tbx\AssignDomainToField" Date="20210422" Time="175551">AssignDomainToField D:\HOME_OFFICE\Validacion_Climas_muestras\Validacion_INDICE_ESTREMOS_CLIMATICOS\GDB_Indices_extremos.gdb\Datos_Regiones_Dataset_ITRF2008\tendencia_regional_prcptot TEND_L TEND_L #</Process><Process ToolSource="c:\program files (x86)\arcgis\desktop10.8\ArcToolbox\Toolboxes\Data Management Tools.tbx\AssignDomainToField" Date="20210422" Time="175555">AssignDomainToField D:\HOME_OFFICE\Validacion_Climas_muestras\Validacion_INDICE_ESTREMOS_CLIMATICOS\GDB_Indices_extremos.gdb\Datos_Regiones_Dataset_ITRF2008\tendencia_regional_prcptot P_VAL P_VAL #</Process><Process ToolSource="c:\program files (x86)\arcgis\desktop10.8\ArcToolbox\Toolboxes\Data Management Tools.tbx\AssignDomainToField" Date="20210422" Time="175558">AssignDomainToField D:\HOME_OFFICE\Validacion_Climas_muestras\Validacion_INDICE_ESTREMOS_CLIMATICOS\GDB_Indices_extremos.gdb\Datos_Regiones_Dataset_ITRF2008\tendencia_regional_prcptot DESV_EST DESV_EST #</Process><Process ToolSource="c:\program files (x86)\arcgis\desktop10.8\ArcToolbox\Toolboxes\Data Management Tools.tbx\AssignDomainToField" Date="20210422" Time="175602">AssignDomainToField D:\HOME_OFFICE\Validacion_Climas_muestras\Validacion_INDICE_ESTREMOS_CLIMATICOS\GDB_Indices_extremos.gdb\Datos_Regiones_Dataset_ITRF2008\tendencia_regional_prcptot N_T_CRIT N_T_CRIT #</Process><Process ToolSource="c:\program files (x86)\arcgis\desktop10.8\ArcToolbox\Toolboxes\Data Management Tools.tbx\AssignDomainToField" Date="20210422" Time="175606">AssignDomainToField D:\HOME_OFFICE\Validacion_Climas_muestras\Validacion_INDICE_ESTREMOS_CLIMATICOS\GDB_Indices_extremos.gdb\Datos_Regiones_Dataset_ITRF2008\tendencia_regional_prcptot VAR_PER VAR_PER #</Process><Process ToolSource="c:\program files (x86)\arcgis\desktop10.8\ArcToolbox\Toolboxes\Data Management Tools.tbx\AssignDomainToField" Date="20210422" Time="175610">AssignDomainToField D:\HOME_OFFICE\Validacion_Climas_muestras\Validacion_INDICE_ESTREMOS_CLIMATICOS\GDB_Indices_extremos.gdb\Datos_Regiones_Dataset_ITRF2008\tendencia_regional_prcptot SIG_EST SIG_EST #</Process><Process ToolSource="c:\program files (x86)\arcgis\desktop10.8\ArcToolbox\Toolboxes\Data Management Tools.tbx\AssignDomainToField" Date="20210422" Time="175615">AssignDomainToField D:\HOME_OFFICE\Validacion_Climas_muestras\Validacion_INDICE_ESTREMOS_CLIMATICOS\GDB_Indices_extremos.gdb\Datos_Regiones_Dataset_ITRF2008\tendencia_regional_prcptot Cal_pos Cal_pos #</Process><Process ToolSource="c:\program files (x86)\arcgis\desktop10.8\ArcToolbox\Toolboxes\Data Management Tools.tbx\AssignDomainToField" Date="20210422" Time="175621">AssignDomainToField D:\HOME_OFFICE\Validacion_Climas_muestras\Validacion_INDICE_ESTREMOS_CLIMATICOS\GDB_Indices_extremos.gdb\Datos_Regiones_Dataset_ITRF2008\tendencia_regional_prcptot AÑOS_REG AÑOS_REG #</Process><Process ToolSource="c:\program files (x86)\arcgis\desktop10.8\ArcToolbox\Toolboxes\Data Management Tools.tbx\AssignDomainToField" Date="20210422" Time="175625">AssignDomainToField D:\HOME_OFFICE\Validacion_Climas_muestras\Validacion_INDICE_ESTREMOS_CLIMATICOS\GDB_Indices_extremos.gdb\Datos_Regiones_Dataset_ITRF2008\tendencia_regional_prcptot AÑOS AÑOS_CCD_MEN_PROM #</Process><Process ToolSource="c:\program files (x86)\arcgis\desktop10.8\ArcToolbox\Toolboxes\Data Management Tools.tbx\AssignDomainToField" Date="20210422" Time="190901">AssignDomainToField D:\HOME_OFFICE\Validacion_Climas_muestras\Validacion_INDICE_ESTREMOS_CLIMATICOS\GDB_Indices_extremos.gdb\Datos_Regiones_Dataset_ITRF2008\tendencia_regional_prcptot AÑOS_REG AÑOS_REG #</Process><Process ToolSource="c:\program files (x86)\arcgis\desktop10.8\ArcToolbox\Toolboxes\Data Management Tools.tbx\AssignDomainToField" Date="20210422" Time="190904">AssignDomainToField D:\HOME_OFFICE\Validacion_Climas_muestras\Validacion_INDICE_ESTREMOS_CLIMATICOS\GDB_Indices_extremos.gdb\Datos_Regiones_Dataset_ITRF2008\tendencia_regional_prcptot AÑOS AÑOS_CCD_MEN_PROM #</Process><Process ToolSource="c:\program files (x86)\arcgis\desktop10.8\ArcToolbox\Toolboxes\Data Management Tools.tbx\AssignDomainToField" Date="20210422" Time="190909">AssignDomainToField D:\HOME_OFFICE\Validacion_Climas_muestras\Validacion_INDICE_ESTREMOS_CLIMATICOS\GDB_Indices_extremos.gdb\Datos_Regiones_Dataset_ITRF2008\tendencia_regional_prcptot INICIO INICIO #</Process><Process ToolSource="c:\program files (x86)\arcgis\desktop10.8\ArcToolbox\Toolboxes\Data Management Tools.tbx\AssignDomainToField" Date="20210422" Time="190911">AssignDomainToField D:\HOME_OFFICE\Validacion_Climas_muestras\Validacion_INDICE_ESTREMOS_CLIMATICOS\GDB_Indices_extremos.gdb\Datos_Regiones_Dataset_ITRF2008\tendencia_regional_prcptot FIN FIN #</Process><Process ToolSource="c:\program files (x86)\arcgis\desktop10.8\ArcToolbox\Toolboxes\Data Management Tools.tbx\AssignDomainToField" Date="20210422" Time="190914">AssignDomainToField D:\HOME_OFFICE\Validacion_Climas_muestras\Validacion_INDICE_ESTREMOS_CLIMATICOS\GDB_Indices_extremos.gdb\Datos_Regiones_Dataset_ITRF2008\tendencia_regional_prcptot Cal_pos Cal_pos #</Process><Process ToolSource="c:\program files (x86)\arcgis\desktop10.8\ArcToolbox\Toolboxes\Data Management Tools.tbx\AssignDomainToField" Date="20210422" Time="190939">AssignDomainToField D:\HOME_OFFICE\Validacion_Climas_muestras\Validacion_INDICE_ESTREMOS_CLIMATICOS\GDB_Indices_extremos.gdb\Datos_Regiones_Dataset_ITRF2008\tendencia_regional_prcptot DESV_EST DESV_EST #</Process><Process ToolSource="c:\program files (x86)\arcgis\desktop10.8\ArcToolbox\Toolboxes\Data Management Tools.tbx\Append" Date="20210430" Time="114922">Append 'D:\HOME_OFFICE\Validacion_Climas_muestras\Validacion_INDICE_ESTREMOS_CLIMATICOS\DATOS REGIONALES\Data_for_Load\tendencia_regional_prcptot_ITRF08.shp' D:\HOME_OFFICE\Validacion_Climas_muestras\Validacion_INDICE_ESTREMOS_CLIMATICOS\GDB_Indices_extremos.gdb\Datos_Regiones_Dataset_ITRF2008\tendencia_regional_prcptot TEST # #</Process><Process ToolSource="c:\program files (x86)\arcgis\desktop10.8\ArcToolbox\Toolboxes\Data Management Tools.tbx\RecalculateFeatureClassExtent" Date="20210506" Time="160738">RecalculateFeatureClassExtent D:\HOME_OFFICE\Validacion_Climas_muestras\Validacion_INDICE_ESTREMOS_CLIMATICOS\GDB_Indices_extremos.gdb\Datos_Regiones_Dataset_ITRF2008\tendencia_regional_prcptot</Process><Process ToolSource="c:\program files (x86)\arcgis\desktop10.8\ArcToolbox\Toolboxes\Data Management Tools.tbx\RecalculateFeatureClassExtent" Date="20210506" Time="170709">RecalculateFeatureClassExtent D:\HOME_OFFICE\Validacion_Climas_muestras\Validacion_INDICE_ESTREMOS_CLIMATICOS\GDB_Indices_extremos.gdb\Datos_Regiones_Dataset_ITRF2008\tendencia_regional_prcptot</Process><Process ToolSource="c:\program files (x86)\arcgis\desktop10.8\ArcToolbox\Toolboxes\Data Management Tools.tbx\Append" Date="20210510" Time="135841">Append 'D:\HOME_OFFICE\Validacion_Climas_muestras\Validacion_INDICE_ESTREMOS_CLIMATICOS\DATOS REGIONALES\Data_for_Load\tendencia_regional_prcptot_ITRF08.shp' D:\HOME_OFFICE\Validacion_Climas_muestras\Validacion_INDICE_ESTREMOS_CLIMATICOS\CARGA_FEATURES_2\Indices_Extresmos_2.gdb\Datos_Regiones_Dataset_ITRF2008\tendencia_regional_prcptot TEST # #</Process><Process ToolSource="c:\program files (x86)\arcgis\desktop10.8\ArcToolbox\Toolboxes\Data Management Tools.tbx\DeleteFeatures" Date="20210510" Time="161513">DeleteFeatures D:\HOME_OFFICE\Validacion_Climas_muestras\Validacion_INDICE_ESTREMOS_CLIMATICOS\CARGA_FEATURES_2\Indices_Extresmos_2.gdb\Datos_Regiones_Dataset_ITRF2008\tendencia_regional_prcptot</Process><Process ToolSource="c:\program files (x86)\arcgis\desktop10.8\ArcToolbox\Toolboxes\Data Management Tools.tbx\Append" Date="20210510" Time="164506">Append 'D:\HOME_OFFICE\Validacion_Climas_muestras\Validacion_INDICE_ESTREMOS_CLIMATICOS\DATOS REGIONALES\Data_for_Load\tendencia_regional_prcptot_ITRF08.shp' D:\HOME_OFFICE\Validacion_Climas_muestras\Validacion_INDICE_ESTREMOS_CLIMATICOS\CARGA_FEATURES_2\Indices_Extresmos_2.gdb\Datos_Regiones_Dataset_ITRF2008\tendencia_regional_prcptot TEST # #</Process><Process ToolSource="c:\program files (x86)\arcgis\desktop10.8\ArcToolbox\Toolboxes\Data Management Tools.tbx\RecalculateFeatureClassExtent" Date="20210510" Time="211655">RecalculateFeatureClassExtent D:\HOME_OFFICE\Validacion_Climas_muestras\Validacion_INDICE_ESTREMOS_CLIMATICOS\CARGA_FEATURES_2\Indices_Extremos_2.gdb\Datos_Regiones_Dataset_ITRF2008\tendencia_regional_prcptot</Process><Process ToolSource="c:\program files (x86)\arcgis\desktop10.8\ArcToolbox\Toolboxes\Data Management Tools.tbx\Append" Date="20210511" Time="092213">Append 'D:\HOME_OFFICE\Validacion_Climas_muestras\Validacion_INDICE_ESTREMOS_CLIMATICOS\DATOS REGIONALES\Data_for_Load\tendencia_regional_prcptot_ITRF08.shp' D:\HOME_OFFICE\Validacion_Climas_muestras\Validacion_INDICE_ESTREMOS_CLIMATICOS\CARGA_FEATURES_2\Indices_Extremos_2.gdb\Datos_Regiones_Dataset_ITRF2008\tendencia_regional_prcptot TEST # #</Process><Process ToolSource="c:\program files (x86)\arcgis\desktop10.8\ArcToolbox\Toolboxes\Data Management Tools.tbx\RecalculateFeatureClassExtent" Date="20210511" Time="093203">RecalculateFeatureClassExtent D:\HOME_OFFICE\Validacion_Climas_muestras\Validacion_INDICE_ESTREMOS_CLIMATICOS\CARGA_FEATURES_2\Indices_Extremos_2.gdb\Datos_Regiones_Dataset_ITRF2008\tendencia_regional_prcptot</Process><Process ToolSource="c:\program files (x86)\arcgis\desktop10.8\ArcToolbox\Toolboxes\Data Management Tools.tbx\Append" Date="20210511" Time="101545">Append 'D:\HOME_OFFICE\Validacion_Climas_muestras\Validacion_INDICE_ESTREMOS_CLIMATICOS\DATOS REGIONALES\Data_for_Load\tendencia_regional_prcptot_ITRF08.shp' D:\HOME_OFFICE\Validacion_Climas_muestras\Validacion_INDICE_ESTREMOS_CLIMATICOS\CARGA_FEATURES_2\otra_3.gdb\Datos_Regiones_Dataset_ITRF2008\tendencia_regional_prcptot TEST # #</Process><Process ToolSource="c:\program files (x86)\arcgis\desktop10.8\ArcToolbox\Toolboxes\Data Management Tools.tbx\Append" Date="20210518" Time="162624">Append D:\Carga_esquema_BDC\Datos_regiones\tendencia_regional_prcptot_ITRF08.shp D:\Carga_esquema_BDC\BD_climatologica.gdb\Datos_Regiones_Dataset_ITRF2008\tendencia_regional_prcptot TEST # #</Process><Process ToolSource="c:\program files (x86)\arcgis\desktop10.8\ArcToolbox\Toolboxes\Data Management Tools.tbx\Append" Date="20210519" Time="090513">Append D:\Carga_esquema_BDC\Datos_regiones\tendencia_regional_prcptot_ITRF08.shp D:\Carga_esquema_BDC\BD_climatologica.gdb\Datos_Regiones_Dataset_ITRF2008\tendencia_regional_prcptot TEST # #</Process><Process ToolSource="c:\program files (x86)\arcgis\desktop10.8\ArcToolbox\Toolboxes\Data Management Tools.tbx\Append" Date="20210519" Time="094106">Append D:\Carga_esquema_BDC\Datos_regiones\tendencia_regional_prcptot_ITRF08.shp D:\Carga_esquema_BDC\BD_climatologica.gdb\Datos_Regiones_Dataset_ITRF2008\tendencia_regional_prcptot TEST # #</Process><Process ToolSource="c:\program files (x86)\arcgis\desktop10.8\ArcToolbox\Toolboxes\Data Management Tools.tbx\Append" Date="20210519" Time="101115">Append D:\Carga_esquema_BDC\Datos_regiones\tendencia_regional_prcptot_ITRF08.shp D:\Carga_esquema_BDC\BD_climatologica.gdb\Datos_Regiones_Dataset_ITRF2008\tendencia_regional_prcptot TEST # #</Process><Process ToolSource="c:\program files (x86)\arcgis\desktop10.8\ArcToolbox\Toolboxes\Data Management Tools.tbx\Append" Date="20210519" Time="121534">Append D:\Carga_esquema_BDC\Datos_regiones\tendencia_regional_prcptot_ITRF08.shp D:\Carga_esquema_BDC\BD_climatologica.gdb\Datos_Regiones_Dataset_ITRF2008\tendencia_regional_prcptot TEST # #</Process><Process ToolSource="c:\program files (x86)\arcgis\desktop10.8\ArcToolbox\Toolboxes\Data Management Tools.tbx\Append" Date="20210519" Time="132021">Append D:\Carga_esquema_BDC\Datos_regiones\tendencia_regional_prcptot_ITRF08.shp D:\Carga_esquema_BDC\BD_climatologica.gdb\Datos_Regiones_Dataset_ITRF2008\tendencia_regional_prcptot TEST # #</Process></lineage><itemProps><itemName Sync="TRUE">tendencia_regional_prcptot</itemName><imsContentType Sync="TRUE">002</imsContentType><itemSize Sync="TRUE">0.000</itemSize><itemLocation><linkage Sync="TRUE">file://\\GEORNA045782D\D$\Documents\2021\BD-Climatológica-corrección\2 Base datos espacial GDB\BD_climatologica_shape\Datos_regiones\tendencia_regional_prcptot.shp</linkage><protocol Sync="TRUE">Local Area Network</protocol></itemLocation></itemProps><coordRef><type Sync="TRUE">Geographic</type><geogcsn Sync="TRUE">GCS_ITRF_2008</geogcsn><csUnits Sync="TRUE">Angular Unit: Degree (0.017453)</csUnits><peXml Sync="TRUE">&lt;GeographicCoordinateSystem xsi:type='typens:GeographicCoordinateSystem' xmlns:xsi='http://www.w3.org/2001/XMLSchema-instance' xmlns:xs='http://www.w3.org/2001/XMLSchema' xmlns:typens='http://www.esri.com/schemas/ArcGIS/10.8'&gt;&lt;WKT&gt;GEOGCS[&amp;quot;GCS_ITRF_2008&amp;quot;,DATUM[&amp;quot;D_ITRF_2008&amp;quot;,SPHEROID[&amp;quot;GRS_1980&amp;quot;,6378137.0,298.257222101]],PRIMEM[&amp;quot;Greenwich&amp;quot;,0.0],UNIT[&amp;quot;Degree&amp;quot;,0.0174532925199433],AUTHORITY[&amp;quot;EPSG&amp;quot;,8999]]&lt;/WKT&gt;&lt;XOrigin&gt;-400&lt;/XOrigin&gt;&lt;YOrigin&gt;-400&lt;/YOrigin&gt;&lt;XYScale&gt;11258999068426.238&lt;/XYScale&gt;&lt;ZOrigin&gt;-100000&lt;/ZOrigin&gt;&lt;ZScale&gt;10000&lt;/ZScale&gt;&lt;MOrigin&gt;-100000&lt;/MOrigin&gt;&lt;MScale&gt;10000&lt;/MScale&gt;&lt;XYTolerance&gt;8.9831528411952133e-09&lt;/XYTolerance&gt;&lt;ZTolerance&gt;0.001&lt;/ZTolerance&gt;&lt;MTolerance&gt;0.001&lt;/MTolerance&gt;&lt;HighPrecision&gt;true&lt;/HighPrecision&gt;&lt;LeftLongitude&gt;-180&lt;/LeftLongitude&gt;&lt;WKID&gt;104257&lt;/WKID&gt;&lt;LatestWKID&gt;8999&lt;/LatestWKID&gt;&lt;/GeographicCoordinateSystem&gt;</peXml></coordRef></DataProperties><SyncDate>20210601</SyncDate><SyncTime>06563900</SyncTime><ModDate>20210601</ModDate><ModTime>06563900</ModTime></Esri><dataIdInfo><envirDesc Sync="TRUE"> Version 6.2 (Build 9200) ; Esri ArcGIS 10.8.1.14362</envirDesc><dataLang><languageCode value="spa" Sync="TRUE"></languageCode><countryCode value="MEX" Sync="TRUE"></countryCode></dataLang><idCitation><resTitle Sync="TRUE">tendencia_regional_prcptot</resTitle><presForm><PresFormCd value="005" Sync="TRUE"></PresFormCd></presForm></idCitation><spatRpType><SpatRepTypCd value="001" Sync="TRUE"></SpatRepTypCd></spatRpType></dataIdInfo><mdLang><languageCode value="spa" Sync="TRUE"></languageCode><countryCode value="MEX" Sync="TRUE"></countryCode></mdLang><distInfo><distFormat><formatName Sync="TRUE">Shapefile</formatName></distFormat><distTranOps><transSize Sync="TRUE">0.000</transSize></distTranOps></distInfo><mdHrLv><ScopeCd value="005" Sync="TRUE"></ScopeCd></mdHrLv><mdHrLvName Sync="TRUE">dataset</mdHrLvName><refSysInfo><RefSystem><refSysID><identCode code="8999" Sync="TRUE"></identCode><idCodeSpace Sync="TRUE">EPSG</idCodeSpace><idVersion Sync="TRUE">9.6.3(10.8.0)</idVersion></refSysID></RefSystem></refSysInfo><spatRepInfo><VectSpatRep><geometObjs Name="tendencia_regional_prcptot"><geoObjTyp><GeoObjTypCd value="002" Sync="TRUE"></GeoObjTypCd></geoObjTyp><geoObjCnt Sync="TRUE">0</geoObjCnt></geometObjs><topLvl><TopoLevCd value="001" Sync="TRUE"></TopoLevCd></topLvl></VectSpatRep></spatRepInfo><spdoinfo><ptvctinf><esriterm Name="tendencia_regional_prcptot"><efeatyp Sync="TRUE">Simple</efeatyp><efeageom code="4" Sync="TRUE"></efeageom><esritopo Sync="TRUE">FALSE</esritopo><efeacnt Sync="TRUE">0</efeacnt><spindex Sync="TRUE">FALSE</spindex><linrefer Sync="TRUE">FALSE</linrefer></esriterm></ptvctinf></spdoinfo><eainfo><detailed Name="tendencia_regional_prcptot"><enttyp><enttypl Sync="TRUE">tendencia_regional_prcptot</enttypl><enttypt Sync="TRUE">Feature Class</enttypt><enttypc Sync="TRUE">0</enttypc></enttyp><attr><attrlabl Sync="TRUE">FID</attrlabl><attalias Sync="TRUE">FID</attalias><attrtype Sync="TRUE">OID</attrtype><attwidth Sync="TRUE">4</attwidth><atprecis Sync="TRUE">0</atprecis><attscale Sync="TRUE">0</attscale><attrdef Sync="TRUE">Internal feature number.</attrdef><attrdefs Sync="TRUE">Esri</attrdefs><attrdomv><udom Sync="TRUE">Sequential unique whole numbers that are automatically generated.</udom></attrdomv></attr><attr><attrlabl Sync="TRUE">Shape</attrlabl><attalias Sync="TRUE">Shape</attalias><attrtype Sync="TRUE">Geometry</attrtype><attwidth Sync="TRUE">0</attwidth><atprecis Sync="TRUE">0</atprecis><attscale Sync="TRUE">0</attscale><attrdef Sync="TRUE">Feature geometry.</attrdef><attrdefs Sync="TRUE">Esri</attrdefs><attrdomv><udom Sync="TRUE">Coordinates defining the features.</udom></attrdomv></attr><attr><attrlabl Sync="TRUE">R_CLIM</attrlabl><attalias Sync="TRUE">R_CLIM</attalias><attrtype Sync="TRUE">Integer</attrtype><attwidth Sync="TRUE">5</attwidth><atprecis Sync="TRUE">5</atprecis><attscale Sync="TRUE">0</attscale></attr><attr><attrlabl Sync="TRUE">NR_CLIM</attrlabl><attalias Sync="TRUE">NR_CLIM</attalias><attrtype Sync="TRUE">String</attrtype><attwidth Sync="TRUE">25</attwidth><atprecis Sync="TRUE">0</atprecis><attscale Sync="TRUE">0</attscale></attr><attr><attrlabl Sync="TRUE">INICIO</attrlabl><attalias Sync="TRUE">INICIO</attalias><attrtype Sync="TRUE">Integer</attrtype><attwidth Sync="TRUE">5</attwidth><atprecis Sync="TRUE">5</atprecis><attscale Sync="TRUE">0</attscale></attr><attr><attrlabl Sync="TRUE">FIN</attrlabl><attalias Sync="TRUE">FIN</attalias><attrtype Sync="TRUE">Integer</attrtype><attwidth Sync="TRUE">5</attwidth><atprecis Sync="TRUE">5</atprecis><attscale Sync="TRUE">0</attscale></attr><attr><attrlabl Sync="TRUE">AÑOS_REG</attrlabl><attalias Sync="TRUE">AÑOS_REG</attalias><attrtype Sync="TRUE">Integer</attrtype><attwidth Sync="TRUE">5</attwidth><atprecis Sync="TRUE">5</atprecis><attscale Sync="TRUE">0</attscale></attr><attr><attrlabl Sync="TRUE">AÑOS</attrlabl><attalias Sync="TRUE">AÑOS</attalias><attrtype Sync="TRUE">Integer</attrtype><attwidth Sync="TRUE">5</attwidth><atprecis Sync="TRUE">5</atprecis><attscale Sync="TRUE">0</attscale></attr><attr><attrlabl Sync="TRUE">PRCPTOT_P</attrlabl><attalias Sync="TRUE">PRCPTOT_P</attalias><attrtype Sync="TRUE">Single</attrtype><attwidth Sync="TRUE">13</attwidth><atprecis Sync="TRUE">0</atprecis><attscale Sync="TRUE">0</attscale></attr><attr><attrlabl Sync="TRUE">C_V</attrlabl><attalias Sync="TRUE">C_V</attalias><attrtype Sync="TRUE">Single</attrtype><attwidth Sync="TRUE">13</attwidth><atprecis Sync="TRUE">0</atprecis><attscale Sync="TRUE">0</attscale></attr><attr><attrlabl Sync="TRUE">TEND_L</attrlabl><attalias Sync="TRUE">TEND_L</attalias><attrtype Sync="TRUE">Single</attrtype><attwidth Sync="TRUE">13</attwidth><atprecis Sync="TRUE">0</atprecis><attscale Sync="TRUE">0</attscale></attr><attr><attrlabl Sync="TRUE">P_VAL</attrlabl><attalias Sync="TRUE">P_VAL</attalias><attrtype Sync="TRUE">Single</attrtype><attwidth Sync="TRUE">13</attwidth><atprecis Sync="TRUE">0</atprecis><attscale Sync="TRUE">0</attscale></attr><attr><attrlabl Sync="TRUE">DESV_EST</attrlabl><attalias Sync="TRUE">DESV_EST</attalias><attrtype Sync="TRUE">Single</attrtype><attwidth Sync="TRUE">13</attwidth><atprecis Sync="TRUE">0</atprecis><attscale Sync="TRUE">0</attscale></attr><attr><attrlabl Sync="TRUE">T_CRIT</attrlabl><attalias Sync="TRUE">T_CRIT</attalias><attrtype Sync="TRUE">Single</attrtype><attwidth Sync="TRUE">13</attwidth><atprecis Sync="TRUE">0</atprecis><attscale Sync="TRUE">0</attscale></attr><attr><attrlabl Sync="TRUE">VAR_PER</attrlabl><attalias Sync="TRUE">VAR_PER</attalias><attrtype Sync="TRUE">Single</attrtype><attwidth Sync="TRUE">13</attwidth><atprecis Sync="TRUE">0</atprecis><attscale Sync="TRUE">0</attscale></attr><attr><attrlabl Sync="TRUE">SIG_EST</attrlabl><attalias Sync="TRUE">SIG_EST</attalias><attrtype Sync="TRUE">Integer</attrtype><attwidth Sync="TRUE">5</attwidth><atprecis Sync="TRUE">5</atprecis><attscale Sync="TRUE">0</attscale></attr><attr><attrlabl Sync="TRUE">Cal_pos</attrlabl><attalias Sync="TRUE">Cal_pos</attalias><attrtype Sync="TRUE">String</attrtype><attwidth Sync="TRUE">10</attwidth><atprecis Sync="TRUE">0</atprecis><attscale Sync="TRUE">0</attscale></attr><attr><attrlabl Sync="TRUE">Shape_Leng</attrlabl><attalias Sync="TRUE">Shape_Leng</attalias><attrtype Sync="TRUE">Double</attrtype><attwidth Sync="TRUE">19</attwidth><atprecis Sync="TRUE">0</atprecis><attscale Sync="TRUE">0</attscale></attr><attr><attrlabl Sync="TRUE">Shape_Area</attrlabl><attalias Sync="TRUE">Shape_Area</attalias><attrtype Sync="TRUE">Double</attrtype><attwidth Sync="TRUE">19</attwidth><atprecis Sync="TRUE">0</atprecis><attscale Sync="TRUE">0</attscale><attrdef Sync="TRUE">Area of feature in internal units squared.</attrdef><attrdefs Sync="TRUE">Esri</attrdefs><attrdomv><udom Sync="TRUE">Positive real numbers that are automatically generated.</udom></attrdomv></attr></detailed></eainfo><mdDateSt Sync="TRUE">20210601</mdDateSt></metadata>
