<?xml version="1.0" encoding="UTF-8"?>
<metadata xml:lang="es"><Esri><CreaDate>20201207</CreaDate><CreaTime>05562400</CreaTime><ArcGISFormat>1.0</ArcGISFormat><SyncOnce>TRUE</SyncOnce><DataProperties><lineage><Process ToolSource="c:\program files (x86)\arcgis\desktop10.3\ArcToolbox\Toolboxes\Data Management Tools.tbx\CalculateField" Date="20201003" Time="120547">CalculateField Regiones_Clima Cal_pos "Aproximado" VB #</Process><Process ToolSource="c:\program files (x86)\arcgis\desktop10.3\ArcToolbox\Toolboxes\Data Management Tools.tbx\CalculateField" Date="20201014" Time="085411">CalculateField Regiones_Clima_OK Cal_pos "Aproximada" VB #</Process></lineage></DataProperties></Esri></metadata>
