<metadata xml:lang="es"><Esri><CreaDate>20210413</CreaDate><CreaTime>09541700</CreaTime><ArcGISFormat>1.0</ArcGISFormat><ArcGISstyle>FGDC CSDGM Metadata</ArcGISstyle><SyncOnce>FALSE</SyncOnce><DataProperties><lineage><Process ToolSource="c:\program files (x86)\arcgis\desktop10.8\ArcToolbox\Toolboxes\Data Management Tools.tbx\CreateFeatureclass" Date="20210413" Time="095417">CreateFeatureclass D:\HOME_OFFICE\Validacion_Climas_muestras\Validacion_INDICE_ESTREMOS_CLIMATICOS\GDB_Indices_extremos.gdb\Datos_Regiones_Dataset_ITRF2008 tendencia_regional_tr20 POLYGON 'D:\HOME_OFFICE\Validacion_Climas_muestras\Validacion_INDICE_ESTREMOS_CLIMATICOS\DATOS REGIONALES\2 TENDENCIAS\Anuales\tendencia_regional_tr20_ITRF08.shp' DISABLED DISABLED "{B286C06B-0879-11D2-AACA-00C04FA33C20};-450359962737.05 -450359962737.05 10000;#;#;0.001;#;#;IsHighPrecision" # 0 0 0</Process><Process ToolSource="c:\program files (x86)\arcgis\desktop10.8\ArcToolbox\Toolboxes\Data Management Tools.tbx\AssignDomainToField" Date="20210420" Time="163657">AssignDomainToField D:\HOME_OFFICE\Validacion_Climas_muestras\Validacion_INDICE_ESTREMOS_CLIMATICOS\GDB_Indices_extremos.gdb\Datos_Regiones_Dataset_ITRF2008\tendencia_regional_tr20 INICIO INICIO #</Process><Process ToolSource="c:\program files (x86)\arcgis\desktop10.8\ArcToolbox\Toolboxes\Data Management Tools.tbx\AssignDomainToField" Date="20210420" Time="163701">AssignDomainToField D:\HOME_OFFICE\Validacion_Climas_muestras\Validacion_INDICE_ESTREMOS_CLIMATICOS\GDB_Indices_extremos.gdb\Datos_Regiones_Dataset_ITRF2008\tendencia_regional_tr20 FIN FIN #</Process><Process ToolSource="c:\program files (x86)\arcgis\desktop10.8\ArcToolbox\Toolboxes\Data Management Tools.tbx\AssignDomainToField" Date="20210420" Time="163705">AssignDomainToField D:\HOME_OFFICE\Validacion_Climas_muestras\Validacion_INDICE_ESTREMOS_CLIMATICOS\GDB_Indices_extremos.gdb\Datos_Regiones_Dataset_ITRF2008\tendencia_regional_tr20 TR20_P TR20_P #</Process><Process ToolSource="c:\program files (x86)\arcgis\desktop10.8\ArcToolbox\Toolboxes\Data Management Tools.tbx\AssignDomainToField" Date="20210420" Time="163709">AssignDomainToField D:\HOME_OFFICE\Validacion_Climas_muestras\Validacion_INDICE_ESTREMOS_CLIMATICOS\GDB_Indices_extremos.gdb\Datos_Regiones_Dataset_ITRF2008\tendencia_regional_tr20 C_V C_V #</Process><Process ToolSource="c:\program files (x86)\arcgis\desktop10.8\ArcToolbox\Toolboxes\Data Management Tools.tbx\AssignDomainToField" Date="20210420" Time="163713">AssignDomainToField D:\HOME_OFFICE\Validacion_Climas_muestras\Validacion_INDICE_ESTREMOS_CLIMATICOS\GDB_Indices_extremos.gdb\Datos_Regiones_Dataset_ITRF2008\tendencia_regional_tr20 TEND_L TEND_L #</Process><Process ToolSource="c:\program files (x86)\arcgis\desktop10.8\ArcToolbox\Toolboxes\Data Management Tools.tbx\AssignDomainToField" Date="20210420" Time="163717">AssignDomainToField D:\HOME_OFFICE\Validacion_Climas_muestras\Validacion_INDICE_ESTREMOS_CLIMATICOS\GDB_Indices_extremos.gdb\Datos_Regiones_Dataset_ITRF2008\tendencia_regional_tr20 P_VAL P_VAL #</Process><Process ToolSource="c:\program files (x86)\arcgis\desktop10.8\ArcToolbox\Toolboxes\Data Management Tools.tbx\AssignDomainToField" Date="20210420" Time="163721">AssignDomainToField D:\HOME_OFFICE\Validacion_Climas_muestras\Validacion_INDICE_ESTREMOS_CLIMATICOS\GDB_Indices_extremos.gdb\Datos_Regiones_Dataset_ITRF2008\tendencia_regional_tr20 DESV_EST DESV_EST #</Process><Process ToolSource="c:\program files (x86)\arcgis\desktop10.8\ArcToolbox\Toolboxes\Data Management Tools.tbx\AssignDomainToField" Date="20210420" Time="163724">AssignDomainToField D:\HOME_OFFICE\Validacion_Climas_muestras\Validacion_INDICE_ESTREMOS_CLIMATICOS\GDB_Indices_extremos.gdb\Datos_Regiones_Dataset_ITRF2008\tendencia_regional_tr20 N_T_CRIT N_T_CRIT #</Process><Process ToolSource="c:\program files (x86)\arcgis\desktop10.8\ArcToolbox\Toolboxes\Data Management Tools.tbx\AssignDomainToField" Date="20210420" Time="163728">AssignDomainToField D:\HOME_OFFICE\Validacion_Climas_muestras\Validacion_INDICE_ESTREMOS_CLIMATICOS\GDB_Indices_extremos.gdb\Datos_Regiones_Dataset_ITRF2008\tendencia_regional_tr20 VAR_PER VAR_PER #</Process><Process ToolSource="c:\program files (x86)\arcgis\desktop10.8\ArcToolbox\Toolboxes\Data Management Tools.tbx\AssignDomainToField" Date="20210420" Time="163732">AssignDomainToField D:\HOME_OFFICE\Validacion_Climas_muestras\Validacion_INDICE_ESTREMOS_CLIMATICOS\GDB_Indices_extremos.gdb\Datos_Regiones_Dataset_ITRF2008\tendencia_regional_tr20 SIG_EST SIG_EST #</Process><Process ToolSource="c:\program files (x86)\arcgis\desktop10.8\ArcToolbox\Toolboxes\Data Management Tools.tbx\AssignDomainToField" Date="20210420" Time="163736">AssignDomainToField D:\HOME_OFFICE\Validacion_Climas_muestras\Validacion_INDICE_ESTREMOS_CLIMATICOS\GDB_Indices_extremos.gdb\Datos_Regiones_Dataset_ITRF2008\tendencia_regional_tr20 Cal_pos Cal_pos #</Process><Process ToolSource="c:\program files (x86)\arcgis\desktop10.8\ArcToolbox\Toolboxes\Data Management Tools.tbx\AssignDomainToField" Date="20210420" Time="163742">AssignDomainToField D:\HOME_OFFICE\Validacion_Climas_muestras\Validacion_INDICE_ESTREMOS_CLIMATICOS\GDB_Indices_extremos.gdb\Datos_Regiones_Dataset_ITRF2008\tendencia_regional_tr20 AÑOS_REG AÑOS_REG #</Process><Process ToolSource="c:\program files (x86)\arcgis\desktop10.8\ArcToolbox\Toolboxes\Data Management Tools.tbx\AssignDomainToField" Date="20210420" Time="163745">AssignDomainToField D:\HOME_OFFICE\Validacion_Climas_muestras\Validacion_INDICE_ESTREMOS_CLIMATICOS\GDB_Indices_extremos.gdb\Datos_Regiones_Dataset_ITRF2008\tendencia_regional_tr20 AÑOS AÑOS_CCD_MEN_PROM #</Process><Process ToolSource="c:\program files (x86)\arcgis\desktop10.8\ArcToolbox\Toolboxes\Data Management Tools.tbx\AssignDomainToField" Date="20210421" Time="110209">AssignDomainToField D:\HOME_OFFICE\Validacion_Climas_muestras\Validacion_INDICE_ESTREMOS_CLIMATICOS\GDB_Indices_extremos.gdb\Datos_Regiones_Dataset_ITRF2008\tendencia_regional_tr20 INICIO INICIO #</Process><Process ToolSource="c:\program files (x86)\arcgis\desktop10.8\ArcToolbox\Toolboxes\Data Management Tools.tbx\AssignDomainToField" Date="20210421" Time="110212">AssignDomainToField D:\HOME_OFFICE\Validacion_Climas_muestras\Validacion_INDICE_ESTREMOS_CLIMATICOS\GDB_Indices_extremos.gdb\Datos_Regiones_Dataset_ITRF2008\tendencia_regional_tr20 FIN FIN #</Process><Process ToolSource="c:\program files (x86)\arcgis\desktop10.8\ArcToolbox\Toolboxes\Data Management Tools.tbx\AssignDomainToField" Date="20210421" Time="110214">AssignDomainToField D:\HOME_OFFICE\Validacion_Climas_muestras\Validacion_INDICE_ESTREMOS_CLIMATICOS\GDB_Indices_extremos.gdb\Datos_Regiones_Dataset_ITRF2008\tendencia_regional_tr20 TR20_P TR20_P #</Process><Process ToolSource="c:\program files (x86)\arcgis\desktop10.8\ArcToolbox\Toolboxes\Data Management Tools.tbx\AssignDomainToField" Date="20210421" Time="110216">AssignDomainToField D:\HOME_OFFICE\Validacion_Climas_muestras\Validacion_INDICE_ESTREMOS_CLIMATICOS\GDB_Indices_extremos.gdb\Datos_Regiones_Dataset_ITRF2008\tendencia_regional_tr20 C_V C_V #</Process><Process ToolSource="c:\program files (x86)\arcgis\desktop10.8\ArcToolbox\Toolboxes\Data Management Tools.tbx\AssignDomainToField" Date="20210421" Time="110219">AssignDomainToField D:\HOME_OFFICE\Validacion_Climas_muestras\Validacion_INDICE_ESTREMOS_CLIMATICOS\GDB_Indices_extremos.gdb\Datos_Regiones_Dataset_ITRF2008\tendencia_regional_tr20 TEND_L TEND_L #</Process><Process ToolSource="c:\program files (x86)\arcgis\desktop10.8\ArcToolbox\Toolboxes\Data Management Tools.tbx\AssignDomainToField" Date="20210421" Time="110221">AssignDomainToField D:\HOME_OFFICE\Validacion_Climas_muestras\Validacion_INDICE_ESTREMOS_CLIMATICOS\GDB_Indices_extremos.gdb\Datos_Regiones_Dataset_ITRF2008\tendencia_regional_tr20 P_VAL P_VAL #</Process><Process ToolSource="c:\program files (x86)\arcgis\desktop10.8\ArcToolbox\Toolboxes\Data Management Tools.tbx\AssignDomainToField" Date="20210421" Time="110223">AssignDomainToField D:\HOME_OFFICE\Validacion_Climas_muestras\Validacion_INDICE_ESTREMOS_CLIMATICOS\GDB_Indices_extremos.gdb\Datos_Regiones_Dataset_ITRF2008\tendencia_regional_tr20 DESV_EST DESV_EST #</Process><Process ToolSource="c:\program files (x86)\arcgis\desktop10.8\ArcToolbox\Toolboxes\Data Management Tools.tbx\AssignDomainToField" Date="20210421" Time="110225">AssignDomainToField D:\HOME_OFFICE\Validacion_Climas_muestras\Validacion_INDICE_ESTREMOS_CLIMATICOS\GDB_Indices_extremos.gdb\Datos_Regiones_Dataset_ITRF2008\tendencia_regional_tr20 N_T_CRIT N_T_CRIT #</Process><Process ToolSource="c:\program files (x86)\arcgis\desktop10.8\ArcToolbox\Toolboxes\Data Management Tools.tbx\AssignDomainToField" Date="20210421" Time="110228">AssignDomainToField D:\HOME_OFFICE\Validacion_Climas_muestras\Validacion_INDICE_ESTREMOS_CLIMATICOS\GDB_Indices_extremos.gdb\Datos_Regiones_Dataset_ITRF2008\tendencia_regional_tr20 VAR_PER VAR_PER #</Process><Process ToolSource="c:\program files (x86)\arcgis\desktop10.8\ArcToolbox\Toolboxes\Data Management Tools.tbx\AssignDomainToField" Date="20210421" Time="110230">AssignDomainToField D:\HOME_OFFICE\Validacion_Climas_muestras\Validacion_INDICE_ESTREMOS_CLIMATICOS\GDB_Indices_extremos.gdb\Datos_Regiones_Dataset_ITRF2008\tendencia_regional_tr20 SIG_EST SIG_EST #</Process><Process ToolSource="c:\program files (x86)\arcgis\desktop10.8\ArcToolbox\Toolboxes\Data Management Tools.tbx\AssignDomainToField" Date="20210421" Time="110233">AssignDomainToField D:\HOME_OFFICE\Validacion_Climas_muestras\Validacion_INDICE_ESTREMOS_CLIMATICOS\GDB_Indices_extremos.gdb\Datos_Regiones_Dataset_ITRF2008\tendencia_regional_tr20 Cal_pos Cal_pos #</Process><Process ToolSource="c:\program files (x86)\arcgis\desktop10.8\ArcToolbox\Toolboxes\Data Management Tools.tbx\AssignDomainToField" Date="20210421" Time="110237">AssignDomainToField D:\HOME_OFFICE\Validacion_Climas_muestras\Validacion_INDICE_ESTREMOS_CLIMATICOS\GDB_Indices_extremos.gdb\Datos_Regiones_Dataset_ITRF2008\tendencia_regional_tr20 AÑOS_REG AÑOS_REG #</Process><Process ToolSource="c:\program files (x86)\arcgis\desktop10.8\ArcToolbox\Toolboxes\Data Management Tools.tbx\AssignDomainToField" Date="20210421" Time="110239">AssignDomainToField D:\HOME_OFFICE\Validacion_Climas_muestras\Validacion_INDICE_ESTREMOS_CLIMATICOS\GDB_Indices_extremos.gdb\Datos_Regiones_Dataset_ITRF2008\tendencia_regional_tr20 AÑOS AÑOS_CCD_MEN_PROM #</Process><Process ToolSource="c:\program files (x86)\arcgis\desktop10.8\ArcToolbox\Toolboxes\Data Management Tools.tbx\AssignDomainToField" Date="20210421" Time="192903">AssignDomainToField D:\HOME_OFFICE\Validacion_Climas_muestras\Validacion_INDICE_ESTREMOS_CLIMATICOS\GDB_Indices_extremos.gdb\Datos_Regiones_Dataset_ITRF2008\tendencia_regional_tr20 INICIO INICIO #</Process><Process ToolSource="c:\program files (x86)\arcgis\desktop10.8\ArcToolbox\Toolboxes\Data Management Tools.tbx\AssignDomainToField" Date="20210421" Time="192906">AssignDomainToField D:\HOME_OFFICE\Validacion_Climas_muestras\Validacion_INDICE_ESTREMOS_CLIMATICOS\GDB_Indices_extremos.gdb\Datos_Regiones_Dataset_ITRF2008\tendencia_regional_tr20 FIN FIN #</Process><Process ToolSource="c:\program files (x86)\arcgis\desktop10.8\ArcToolbox\Toolboxes\Data Management Tools.tbx\AssignDomainToField" Date="20210421" Time="192909">AssignDomainToField D:\HOME_OFFICE\Validacion_Climas_muestras\Validacion_INDICE_ESTREMOS_CLIMATICOS\GDB_Indices_extremos.gdb\Datos_Regiones_Dataset_ITRF2008\tendencia_regional_tr20 TR20_P TR20_P #</Process><Process ToolSource="c:\program files (x86)\arcgis\desktop10.8\ArcToolbox\Toolboxes\Data Management Tools.tbx\AssignDomainToField" Date="20210421" Time="192913">AssignDomainToField D:\HOME_OFFICE\Validacion_Climas_muestras\Validacion_INDICE_ESTREMOS_CLIMATICOS\GDB_Indices_extremos.gdb\Datos_Regiones_Dataset_ITRF2008\tendencia_regional_tr20 C_V C_V #</Process><Process ToolSource="c:\program files (x86)\arcgis\desktop10.8\ArcToolbox\Toolboxes\Data Management Tools.tbx\AssignDomainToField" Date="20210421" Time="192916">AssignDomainToField D:\HOME_OFFICE\Validacion_Climas_muestras\Validacion_INDICE_ESTREMOS_CLIMATICOS\GDB_Indices_extremos.gdb\Datos_Regiones_Dataset_ITRF2008\tendencia_regional_tr20 TEND_L TEND_L #</Process><Process ToolSource="c:\program files (x86)\arcgis\desktop10.8\ArcToolbox\Toolboxes\Data Management Tools.tbx\AssignDomainToField" Date="20210421" Time="192920">AssignDomainToField D:\HOME_OFFICE\Validacion_Climas_muestras\Validacion_INDICE_ESTREMOS_CLIMATICOS\GDB_Indices_extremos.gdb\Datos_Regiones_Dataset_ITRF2008\tendencia_regional_tr20 P_VAL P_VAL #</Process><Process ToolSource="c:\program files (x86)\arcgis\desktop10.8\ArcToolbox\Toolboxes\Data Management Tools.tbx\AssignDomainToField" Date="20210421" Time="192923">AssignDomainToField D:\HOME_OFFICE\Validacion_Climas_muestras\Validacion_INDICE_ESTREMOS_CLIMATICOS\GDB_Indices_extremos.gdb\Datos_Regiones_Dataset_ITRF2008\tendencia_regional_tr20 DESV_EST DESV_EST #</Process><Process ToolSource="c:\program files (x86)\arcgis\desktop10.8\ArcToolbox\Toolboxes\Data Management Tools.tbx\AssignDomainToField" Date="20210421" Time="192927">AssignDomainToField D:\HOME_OFFICE\Validacion_Climas_muestras\Validacion_INDICE_ESTREMOS_CLIMATICOS\GDB_Indices_extremos.gdb\Datos_Regiones_Dataset_ITRF2008\tendencia_regional_tr20 N_T_CRIT N_T_CRIT #</Process><Process ToolSource="c:\program files (x86)\arcgis\desktop10.8\ArcToolbox\Toolboxes\Data Management Tools.tbx\AssignDomainToField" Date="20210421" Time="192930">AssignDomainToField D:\HOME_OFFICE\Validacion_Climas_muestras\Validacion_INDICE_ESTREMOS_CLIMATICOS\GDB_Indices_extremos.gdb\Datos_Regiones_Dataset_ITRF2008\tendencia_regional_tr20 VAR_PER VAR_PER #</Process><Process ToolSource="c:\program files (x86)\arcgis\desktop10.8\ArcToolbox\Toolboxes\Data Management Tools.tbx\AssignDomainToField" Date="20210421" Time="192933">AssignDomainToField D:\HOME_OFFICE\Validacion_Climas_muestras\Validacion_INDICE_ESTREMOS_CLIMATICOS\GDB_Indices_extremos.gdb\Datos_Regiones_Dataset_ITRF2008\tendencia_regional_tr20 SIG_EST SIG_EST #</Process><Process ToolSource="c:\program files (x86)\arcgis\desktop10.8\ArcToolbox\Toolboxes\Data Management Tools.tbx\AssignDomainToField" Date="20210421" Time="192937">AssignDomainToField D:\HOME_OFFICE\Validacion_Climas_muestras\Validacion_INDICE_ESTREMOS_CLIMATICOS\GDB_Indices_extremos.gdb\Datos_Regiones_Dataset_ITRF2008\tendencia_regional_tr20 Cal_pos Cal_pos #</Process><Process ToolSource="c:\program files (x86)\arcgis\desktop10.8\ArcToolbox\Toolboxes\Data Management Tools.tbx\AssignDomainToField" Date="20210421" Time="192942">AssignDomainToField D:\HOME_OFFICE\Validacion_Climas_muestras\Validacion_INDICE_ESTREMOS_CLIMATICOS\GDB_Indices_extremos.gdb\Datos_Regiones_Dataset_ITRF2008\tendencia_regional_tr20 AÑOS_REG AÑOS_REG #</Process><Process ToolSource="c:\program files (x86)\arcgis\desktop10.8\ArcToolbox\Toolboxes\Data Management Tools.tbx\AssignDomainToField" Date="20210421" Time="192946">AssignDomainToField D:\HOME_OFFICE\Validacion_Climas_muestras\Validacion_INDICE_ESTREMOS_CLIMATICOS\GDB_Indices_extremos.gdb\Datos_Regiones_Dataset_ITRF2008\tendencia_regional_tr20 AÑOS AÑOS_CCD_MEN_PROM #</Process><Process ToolSource="c:\program files (x86)\arcgis\desktop10.8\ArcToolbox\Toolboxes\Data Management Tools.tbx\AssignDomainToField" Date="20210421" Time="210146">AssignDomainToField D:\HOME_OFFICE\Validacion_Climas_muestras\Validacion_INDICE_ESTREMOS_CLIMATICOS\GDB_Indices_extremos.gdb\Datos_Regiones_Dataset_ITRF2008\tendencia_regional_tr20 INICIO INICIO #</Process><Process ToolSource="c:\program files (x86)\arcgis\desktop10.8\ArcToolbox\Toolboxes\Data Management Tools.tbx\AssignDomainToField" Date="20210421" Time="210148">AssignDomainToField D:\HOME_OFFICE\Validacion_Climas_muestras\Validacion_INDICE_ESTREMOS_CLIMATICOS\GDB_Indices_extremos.gdb\Datos_Regiones_Dataset_ITRF2008\tendencia_regional_tr20 FIN FIN #</Process><Process ToolSource="c:\program files (x86)\arcgis\desktop10.8\ArcToolbox\Toolboxes\Data Management Tools.tbx\AssignDomainToField" Date="20210421" Time="210150">AssignDomainToField D:\HOME_OFFICE\Validacion_Climas_muestras\Validacion_INDICE_ESTREMOS_CLIMATICOS\GDB_Indices_extremos.gdb\Datos_Regiones_Dataset_ITRF2008\tendencia_regional_tr20 TR20_P TR20_P #</Process><Process ToolSource="c:\program files (x86)\arcgis\desktop10.8\ArcToolbox\Toolboxes\Data Management Tools.tbx\AssignDomainToField" Date="20210421" Time="210152">AssignDomainToField D:\HOME_OFFICE\Validacion_Climas_muestras\Validacion_INDICE_ESTREMOS_CLIMATICOS\GDB_Indices_extremos.gdb\Datos_Regiones_Dataset_ITRF2008\tendencia_regional_tr20 C_V C_V #</Process><Process ToolSource="c:\program files (x86)\arcgis\desktop10.8\ArcToolbox\Toolboxes\Data Management Tools.tbx\AssignDomainToField" Date="20210421" Time="210155">AssignDomainToField D:\HOME_OFFICE\Validacion_Climas_muestras\Validacion_INDICE_ESTREMOS_CLIMATICOS\GDB_Indices_extremos.gdb\Datos_Regiones_Dataset_ITRF2008\tendencia_regional_tr20 TEND_L TEND_L #</Process><Process ToolSource="c:\program files (x86)\arcgis\desktop10.8\ArcToolbox\Toolboxes\Data Management Tools.tbx\AssignDomainToField" Date="20210421" Time="210157">AssignDomainToField D:\HOME_OFFICE\Validacion_Climas_muestras\Validacion_INDICE_ESTREMOS_CLIMATICOS\GDB_Indices_extremos.gdb\Datos_Regiones_Dataset_ITRF2008\tendencia_regional_tr20 P_VAL P_VAL #</Process><Process ToolSource="c:\program files (x86)\arcgis\desktop10.8\ArcToolbox\Toolboxes\Data Management Tools.tbx\AssignDomainToField" Date="20210421" Time="210159">AssignDomainToField D:\HOME_OFFICE\Validacion_Climas_muestras\Validacion_INDICE_ESTREMOS_CLIMATICOS\GDB_Indices_extremos.gdb\Datos_Regiones_Dataset_ITRF2008\tendencia_regional_tr20 DESV_EST DESV_EST #</Process><Process ToolSource="c:\program files (x86)\arcgis\desktop10.8\ArcToolbox\Toolboxes\Data Management Tools.tbx\AssignDomainToField" Date="20210421" Time="210201">AssignDomainToField D:\HOME_OFFICE\Validacion_Climas_muestras\Validacion_INDICE_ESTREMOS_CLIMATICOS\GDB_Indices_extremos.gdb\Datos_Regiones_Dataset_ITRF2008\tendencia_regional_tr20 N_T_CRIT N_T_CRIT #</Process><Process ToolSource="c:\program files (x86)\arcgis\desktop10.8\ArcToolbox\Toolboxes\Data Management Tools.tbx\AssignDomainToField" Date="20210421" Time="210203">AssignDomainToField D:\HOME_OFFICE\Validacion_Climas_muestras\Validacion_INDICE_ESTREMOS_CLIMATICOS\GDB_Indices_extremos.gdb\Datos_Regiones_Dataset_ITRF2008\tendencia_regional_tr20 VAR_PER VAR_PER #</Process><Process ToolSource="c:\program files (x86)\arcgis\desktop10.8\ArcToolbox\Toolboxes\Data Management Tools.tbx\AssignDomainToField" Date="20210421" Time="210206">AssignDomainToField D:\HOME_OFFICE\Validacion_Climas_muestras\Validacion_INDICE_ESTREMOS_CLIMATICOS\GDB_Indices_extremos.gdb\Datos_Regiones_Dataset_ITRF2008\tendencia_regional_tr20 SIG_EST SIG_EST #</Process><Process ToolSource="c:\program files (x86)\arcgis\desktop10.8\ArcToolbox\Toolboxes\Data Management Tools.tbx\AssignDomainToField" Date="20210421" Time="210208">AssignDomainToField D:\HOME_OFFICE\Validacion_Climas_muestras\Validacion_INDICE_ESTREMOS_CLIMATICOS\GDB_Indices_extremos.gdb\Datos_Regiones_Dataset_ITRF2008\tendencia_regional_tr20 Cal_pos Cal_pos #</Process><Process ToolSource="c:\program files (x86)\arcgis\desktop10.8\ArcToolbox\Toolboxes\Data Management Tools.tbx\AssignDomainToField" Date="20210421" Time="210211">AssignDomainToField D:\HOME_OFFICE\Validacion_Climas_muestras\Validacion_INDICE_ESTREMOS_CLIMATICOS\GDB_Indices_extremos.gdb\Datos_Regiones_Dataset_ITRF2008\tendencia_regional_tr20 AÑOS_REG AÑOS_REG #</Process><Process ToolSource="c:\program files (x86)\arcgis\desktop10.8\ArcToolbox\Toolboxes\Data Management Tools.tbx\AssignDomainToField" Date="20210421" Time="210213">AssignDomainToField D:\HOME_OFFICE\Validacion_Climas_muestras\Validacion_INDICE_ESTREMOS_CLIMATICOS\GDB_Indices_extremos.gdb\Datos_Regiones_Dataset_ITRF2008\tendencia_regional_tr20 AÑOS AÑOS_CCD_MEN_PROM #</Process><Process ToolSource="c:\program files (x86)\arcgis\desktop10.8\ArcToolbox\Toolboxes\Data Management Tools.tbx\AssignDomainToField" Date="20210421" Time="221459">AssignDomainToField D:\HOME_OFFICE\Validacion_Climas_muestras\Validacion_INDICE_ESTREMOS_CLIMATICOS\GDB_Indices_extremos.gdb\Datos_Regiones_Dataset_ITRF2008\tendencia_regional_tr20 AÑOS_REG AÑOS_REG #</Process><Process ToolSource="c:\program files (x86)\arcgis\desktop10.8\ArcToolbox\Toolboxes\Data Management Tools.tbx\AssignDomainToField" Date="20210421" Time="221502">AssignDomainToField D:\HOME_OFFICE\Validacion_Climas_muestras\Validacion_INDICE_ESTREMOS_CLIMATICOS\GDB_Indices_extremos.gdb\Datos_Regiones_Dataset_ITRF2008\tendencia_regional_tr20 AÑOS AÑOS_CCD_MEN_PROM #</Process><Process ToolSource="c:\program files (x86)\arcgis\desktop10.8\ArcToolbox\Toolboxes\Data Management Tools.tbx\AssignDomainToField" Date="20210421" Time="221509">AssignDomainToField D:\HOME_OFFICE\Validacion_Climas_muestras\Validacion_INDICE_ESTREMOS_CLIMATICOS\GDB_Indices_extremos.gdb\Datos_Regiones_Dataset_ITRF2008\tendencia_regional_tr20 INICIO INICIO #</Process><Process ToolSource="c:\program files (x86)\arcgis\desktop10.8\ArcToolbox\Toolboxes\Data Management Tools.tbx\AssignDomainToField" Date="20210421" Time="221512">AssignDomainToField D:\HOME_OFFICE\Validacion_Climas_muestras\Validacion_INDICE_ESTREMOS_CLIMATICOS\GDB_Indices_extremos.gdb\Datos_Regiones_Dataset_ITRF2008\tendencia_regional_tr20 FIN FIN #</Process><Process ToolSource="c:\program files (x86)\arcgis\desktop10.8\ArcToolbox\Toolboxes\Data Management Tools.tbx\AssignDomainToField" Date="20210421" Time="221516">AssignDomainToField D:\HOME_OFFICE\Validacion_Climas_muestras\Validacion_INDICE_ESTREMOS_CLIMATICOS\GDB_Indices_extremos.gdb\Datos_Regiones_Dataset_ITRF2008\tendencia_regional_tr20 Cal_pos Cal_pos #</Process><Process ToolSource="c:\program files (x86)\arcgis\desktop10.8\ArcToolbox\Toolboxes\Data Management Tools.tbx\AssignDomainToField" Date="20210421" Time="221553">AssignDomainToField D:\HOME_OFFICE\Validacion_Climas_muestras\Validacion_INDICE_ESTREMOS_CLIMATICOS\GDB_Indices_extremos.gdb\Datos_Regiones_Dataset_ITRF2008\tendencia_regional_tr20 DESV_EST DESV_EST #</Process><Process ToolSource="c:\program files (x86)\arcgis\desktop10.8\ArcToolbox\Toolboxes\Data Management Tools.tbx\AssignDomainToField" Date="20210422" Time="090134">AssignDomainToField D:\HOME_OFFICE\Validacion_Climas_muestras\Validacion_INDICE_ESTREMOS_CLIMATICOS\GDB_Indices_extremos.gdb\Datos_Regiones_Dataset_ITRF2008\tendencia_regional_tr20 INICIO INICIO #</Process><Process ToolSource="c:\program files (x86)\arcgis\desktop10.8\ArcToolbox\Toolboxes\Data Management Tools.tbx\AssignDomainToField" Date="20210422" Time="090140">AssignDomainToField D:\HOME_OFFICE\Validacion_Climas_muestras\Validacion_INDICE_ESTREMOS_CLIMATICOS\GDB_Indices_extremos.gdb\Datos_Regiones_Dataset_ITRF2008\tendencia_regional_tr20 FIN FIN #</Process><Process ToolSource="c:\program files (x86)\arcgis\desktop10.8\ArcToolbox\Toolboxes\Data Management Tools.tbx\AssignDomainToField" Date="20210422" Time="090146">AssignDomainToField D:\HOME_OFFICE\Validacion_Climas_muestras\Validacion_INDICE_ESTREMOS_CLIMATICOS\GDB_Indices_extremos.gdb\Datos_Regiones_Dataset_ITRF2008\tendencia_regional_tr20 TR20_P TR20_P #</Process><Process ToolSource="c:\program files (x86)\arcgis\desktop10.8\ArcToolbox\Toolboxes\Data Management Tools.tbx\AssignDomainToField" Date="20210422" Time="090153">AssignDomainToField D:\HOME_OFFICE\Validacion_Climas_muestras\Validacion_INDICE_ESTREMOS_CLIMATICOS\GDB_Indices_extremos.gdb\Datos_Regiones_Dataset_ITRF2008\tendencia_regional_tr20 C_V C_V #</Process><Process ToolSource="c:\program files (x86)\arcgis\desktop10.8\ArcToolbox\Toolboxes\Data Management Tools.tbx\AssignDomainToField" Date="20210422" Time="090158">AssignDomainToField D:\HOME_OFFICE\Validacion_Climas_muestras\Validacion_INDICE_ESTREMOS_CLIMATICOS\GDB_Indices_extremos.gdb\Datos_Regiones_Dataset_ITRF2008\tendencia_regional_tr20 TEND_L TEND_L #</Process><Process ToolSource="c:\program files (x86)\arcgis\desktop10.8\ArcToolbox\Toolboxes\Data Management Tools.tbx\AssignDomainToField" Date="20210422" Time="090204">AssignDomainToField D:\HOME_OFFICE\Validacion_Climas_muestras\Validacion_INDICE_ESTREMOS_CLIMATICOS\GDB_Indices_extremos.gdb\Datos_Regiones_Dataset_ITRF2008\tendencia_regional_tr20 P_VAL P_VAL #</Process><Process ToolSource="c:\program files (x86)\arcgis\desktop10.8\ArcToolbox\Toolboxes\Data Management Tools.tbx\AssignDomainToField" Date="20210422" Time="090210">AssignDomainToField D:\HOME_OFFICE\Validacion_Climas_muestras\Validacion_INDICE_ESTREMOS_CLIMATICOS\GDB_Indices_extremos.gdb\Datos_Regiones_Dataset_ITRF2008\tendencia_regional_tr20 DESV_EST DESV_EST #</Process><Process ToolSource="c:\program files (x86)\arcgis\desktop10.8\ArcToolbox\Toolboxes\Data Management Tools.tbx\AssignDomainToField" Date="20210422" Time="090216">AssignDomainToField D:\HOME_OFFICE\Validacion_Climas_muestras\Validacion_INDICE_ESTREMOS_CLIMATICOS\GDB_Indices_extremos.gdb\Datos_Regiones_Dataset_ITRF2008\tendencia_regional_tr20 N_T_CRIT N_T_CRIT #</Process><Process ToolSource="c:\program files (x86)\arcgis\desktop10.8\ArcToolbox\Toolboxes\Data Management Tools.tbx\AssignDomainToField" Date="20210422" Time="090221">AssignDomainToField D:\HOME_OFFICE\Validacion_Climas_muestras\Validacion_INDICE_ESTREMOS_CLIMATICOS\GDB_Indices_extremos.gdb\Datos_Regiones_Dataset_ITRF2008\tendencia_regional_tr20 VAR_PER VAR_PER #</Process><Process ToolSource="c:\program files (x86)\arcgis\desktop10.8\ArcToolbox\Toolboxes\Data Management Tools.tbx\AssignDomainToField" Date="20210422" Time="090226">AssignDomainToField D:\HOME_OFFICE\Validacion_Climas_muestras\Validacion_INDICE_ESTREMOS_CLIMATICOS\GDB_Indices_extremos.gdb\Datos_Regiones_Dataset_ITRF2008\tendencia_regional_tr20 SIG_EST SIG_EST #</Process><Process ToolSource="c:\program files (x86)\arcgis\desktop10.8\ArcToolbox\Toolboxes\Data Management Tools.tbx\AssignDomainToField" Date="20210422" Time="090232">AssignDomainToField D:\HOME_OFFICE\Validacion_Climas_muestras\Validacion_INDICE_ESTREMOS_CLIMATICOS\GDB_Indices_extremos.gdb\Datos_Regiones_Dataset_ITRF2008\tendencia_regional_tr20 Cal_pos Cal_pos #</Process><Process ToolSource="c:\program files (x86)\arcgis\desktop10.8\ArcToolbox\Toolboxes\Data Management Tools.tbx\AssignDomainToField" Date="20210422" Time="090240">AssignDomainToField D:\HOME_OFFICE\Validacion_Climas_muestras\Validacion_INDICE_ESTREMOS_CLIMATICOS\GDB_Indices_extremos.gdb\Datos_Regiones_Dataset_ITRF2008\tendencia_regional_tr20 AÑOS_REG AÑOS_REG #</Process><Process ToolSource="c:\program files (x86)\arcgis\desktop10.8\ArcToolbox\Toolboxes\Data Management Tools.tbx\AssignDomainToField" Date="20210422" Time="090246">AssignDomainToField D:\HOME_OFFICE\Validacion_Climas_muestras\Validacion_INDICE_ESTREMOS_CLIMATICOS\GDB_Indices_extremos.gdb\Datos_Regiones_Dataset_ITRF2008\tendencia_regional_tr20 AÑOS AÑOS_CCD_MEN_PROM #</Process><Process ToolSource="c:\program files (x86)\arcgis\desktop10.8\ArcToolbox\Toolboxes\Data Management Tools.tbx\AssignDomainToField" Date="20210422" Time="102810">AssignDomainToField D:\HOME_OFFICE\Validacion_Climas_muestras\Validacion_INDICE_ESTREMOS_CLIMATICOS\GDB_Indices_extremos.gdb\Datos_Regiones_Dataset_ITRF2008\tendencia_regional_tr20 AÑOS_REG AÑOS_REG #</Process><Process ToolSource="c:\program files (x86)\arcgis\desktop10.8\ArcToolbox\Toolboxes\Data Management Tools.tbx\AssignDomainToField" Date="20210422" Time="102814">AssignDomainToField D:\HOME_OFFICE\Validacion_Climas_muestras\Validacion_INDICE_ESTREMOS_CLIMATICOS\GDB_Indices_extremos.gdb\Datos_Regiones_Dataset_ITRF2008\tendencia_regional_tr20 AÑOS AÑOS_CCD_MEN_PROM #</Process><Process ToolSource="c:\program files (x86)\arcgis\desktop10.8\ArcToolbox\Toolboxes\Data Management Tools.tbx\AssignDomainToField" Date="20210422" Time="102819">AssignDomainToField D:\HOME_OFFICE\Validacion_Climas_muestras\Validacion_INDICE_ESTREMOS_CLIMATICOS\GDB_Indices_extremos.gdb\Datos_Regiones_Dataset_ITRF2008\tendencia_regional_tr20 INICIO INICIO #</Process><Process ToolSource="c:\program files (x86)\arcgis\desktop10.8\ArcToolbox\Toolboxes\Data Management Tools.tbx\AssignDomainToField" Date="20210422" Time="102822">AssignDomainToField D:\HOME_OFFICE\Validacion_Climas_muestras\Validacion_INDICE_ESTREMOS_CLIMATICOS\GDB_Indices_extremos.gdb\Datos_Regiones_Dataset_ITRF2008\tendencia_regional_tr20 FIN FIN #</Process><Process ToolSource="c:\program files (x86)\arcgis\desktop10.8\ArcToolbox\Toolboxes\Data Management Tools.tbx\AssignDomainToField" Date="20210422" Time="102826">AssignDomainToField D:\HOME_OFFICE\Validacion_Climas_muestras\Validacion_INDICE_ESTREMOS_CLIMATICOS\GDB_Indices_extremos.gdb\Datos_Regiones_Dataset_ITRF2008\tendencia_regional_tr20 Cal_pos Cal_pos #</Process><Process ToolSource="c:\program files (x86)\arcgis\desktop10.8\ArcToolbox\Toolboxes\Data Management Tools.tbx\AssignDomainToField" Date="20210422" Time="102853">AssignDomainToField D:\HOME_OFFICE\Validacion_Climas_muestras\Validacion_INDICE_ESTREMOS_CLIMATICOS\GDB_Indices_extremos.gdb\Datos_Regiones_Dataset_ITRF2008\tendencia_regional_tr20 DESV_EST DESV_EST #</Process><Process ToolSource="c:\program files (x86)\arcgis\desktop10.8\ArcToolbox\Toolboxes\Data Management Tools.tbx\AssignDomainToField" Date="20210422" Time="180403">AssignDomainToField D:\HOME_OFFICE\Validacion_Climas_muestras\Validacion_INDICE_ESTREMOS_CLIMATICOS\GDB_Indices_extremos.gdb\Datos_Regiones_Dataset_ITRF2008\tendencia_regional_tr20 R_CLIM R_CLIM #</Process><Process ToolSource="c:\program files (x86)\arcgis\desktop10.8\ArcToolbox\Toolboxes\Data Management Tools.tbx\AssignDomainToField" Date="20210422" Time="180407">AssignDomainToField D:\HOME_OFFICE\Validacion_Climas_muestras\Validacion_INDICE_ESTREMOS_CLIMATICOS\GDB_Indices_extremos.gdb\Datos_Regiones_Dataset_ITRF2008\tendencia_regional_tr20 NR_CLIM N_R_CLIM #</Process><Process ToolSource="c:\program files (x86)\arcgis\desktop10.8\ArcToolbox\Toolboxes\Data Management Tools.tbx\AssignDomainToField" Date="20210422" Time="180411">AssignDomainToField D:\HOME_OFFICE\Validacion_Climas_muestras\Validacion_INDICE_ESTREMOS_CLIMATICOS\GDB_Indices_extremos.gdb\Datos_Regiones_Dataset_ITRF2008\tendencia_regional_tr20 INICIO INICIO #</Process><Process ToolSource="c:\program files (x86)\arcgis\desktop10.8\ArcToolbox\Toolboxes\Data Management Tools.tbx\AssignDomainToField" Date="20210422" Time="180415">AssignDomainToField D:\HOME_OFFICE\Validacion_Climas_muestras\Validacion_INDICE_ESTREMOS_CLIMATICOS\GDB_Indices_extremos.gdb\Datos_Regiones_Dataset_ITRF2008\tendencia_regional_tr20 FIN FIN #</Process><Process ToolSource="c:\program files (x86)\arcgis\desktop10.8\ArcToolbox\Toolboxes\Data Management Tools.tbx\AssignDomainToField" Date="20210422" Time="180419">AssignDomainToField D:\HOME_OFFICE\Validacion_Climas_muestras\Validacion_INDICE_ESTREMOS_CLIMATICOS\GDB_Indices_extremos.gdb\Datos_Regiones_Dataset_ITRF2008\tendencia_regional_tr20 TR20_P TR20_P #</Process><Process ToolSource="c:\program files (x86)\arcgis\desktop10.8\ArcToolbox\Toolboxes\Data Management Tools.tbx\AssignDomainToField" Date="20210422" Time="180423">AssignDomainToField D:\HOME_OFFICE\Validacion_Climas_muestras\Validacion_INDICE_ESTREMOS_CLIMATICOS\GDB_Indices_extremos.gdb\Datos_Regiones_Dataset_ITRF2008\tendencia_regional_tr20 C_V C_V #</Process><Process ToolSource="c:\program files (x86)\arcgis\desktop10.8\ArcToolbox\Toolboxes\Data Management Tools.tbx\AssignDomainToField" Date="20210422" Time="180427">AssignDomainToField D:\HOME_OFFICE\Validacion_Climas_muestras\Validacion_INDICE_ESTREMOS_CLIMATICOS\GDB_Indices_extremos.gdb\Datos_Regiones_Dataset_ITRF2008\tendencia_regional_tr20 TEND_L TEND_L #</Process><Process ToolSource="c:\program files (x86)\arcgis\desktop10.8\ArcToolbox\Toolboxes\Data Management Tools.tbx\AssignDomainToField" Date="20210422" Time="180431">AssignDomainToField D:\HOME_OFFICE\Validacion_Climas_muestras\Validacion_INDICE_ESTREMOS_CLIMATICOS\GDB_Indices_extremos.gdb\Datos_Regiones_Dataset_ITRF2008\tendencia_regional_tr20 P_VAL P_VAL #</Process><Process ToolSource="c:\program files (x86)\arcgis\desktop10.8\ArcToolbox\Toolboxes\Data Management Tools.tbx\AssignDomainToField" Date="20210422" Time="180435">AssignDomainToField D:\HOME_OFFICE\Validacion_Climas_muestras\Validacion_INDICE_ESTREMOS_CLIMATICOS\GDB_Indices_extremos.gdb\Datos_Regiones_Dataset_ITRF2008\tendencia_regional_tr20 DESV_EST DESV_EST #</Process><Process ToolSource="c:\program files (x86)\arcgis\desktop10.8\ArcToolbox\Toolboxes\Data Management Tools.tbx\AssignDomainToField" Date="20210422" Time="180439">AssignDomainToField D:\HOME_OFFICE\Validacion_Climas_muestras\Validacion_INDICE_ESTREMOS_CLIMATICOS\GDB_Indices_extremos.gdb\Datos_Regiones_Dataset_ITRF2008\tendencia_regional_tr20 N_T_CRIT N_T_CRIT #</Process><Process ToolSource="c:\program files (x86)\arcgis\desktop10.8\ArcToolbox\Toolboxes\Data Management Tools.tbx\AssignDomainToField" Date="20210422" Time="180444">AssignDomainToField D:\HOME_OFFICE\Validacion_Climas_muestras\Validacion_INDICE_ESTREMOS_CLIMATICOS\GDB_Indices_extremos.gdb\Datos_Regiones_Dataset_ITRF2008\tendencia_regional_tr20 VAR_PER VAR_PER #</Process><Process ToolSource="c:\program files (x86)\arcgis\desktop10.8\ArcToolbox\Toolboxes\Data Management Tools.tbx\AssignDomainToField" Date="20210422" Time="180448">AssignDomainToField D:\HOME_OFFICE\Validacion_Climas_muestras\Validacion_INDICE_ESTREMOS_CLIMATICOS\GDB_Indices_extremos.gdb\Datos_Regiones_Dataset_ITRF2008\tendencia_regional_tr20 SIG_EST SIG_EST #</Process><Process ToolSource="c:\program files (x86)\arcgis\desktop10.8\ArcToolbox\Toolboxes\Data Management Tools.tbx\AssignDomainToField" Date="20210422" Time="180452">AssignDomainToField D:\HOME_OFFICE\Validacion_Climas_muestras\Validacion_INDICE_ESTREMOS_CLIMATICOS\GDB_Indices_extremos.gdb\Datos_Regiones_Dataset_ITRF2008\tendencia_regional_tr20 Cal_pos Cal_pos #</Process><Process ToolSource="c:\program files (x86)\arcgis\desktop10.8\ArcToolbox\Toolboxes\Data Management Tools.tbx\AssignDomainToField" Date="20210422" Time="180459">AssignDomainToField D:\HOME_OFFICE\Validacion_Climas_muestras\Validacion_INDICE_ESTREMOS_CLIMATICOS\GDB_Indices_extremos.gdb\Datos_Regiones_Dataset_ITRF2008\tendencia_regional_tr20 AÑOS_REG AÑOS_REG #</Process><Process ToolSource="c:\program files (x86)\arcgis\desktop10.8\ArcToolbox\Toolboxes\Data Management Tools.tbx\AssignDomainToField" Date="20210422" Time="180503">AssignDomainToField D:\HOME_OFFICE\Validacion_Climas_muestras\Validacion_INDICE_ESTREMOS_CLIMATICOS\GDB_Indices_extremos.gdb\Datos_Regiones_Dataset_ITRF2008\tendencia_regional_tr20 AÑOS AÑOS_CCD_MEN_PROM #</Process><Process ToolSource="c:\program files (x86)\arcgis\desktop10.8\ArcToolbox\Toolboxes\Data Management Tools.tbx\AssignDomainToField" Date="20210422" Time="191556">AssignDomainToField D:\HOME_OFFICE\Validacion_Climas_muestras\Validacion_INDICE_ESTREMOS_CLIMATICOS\GDB_Indices_extremos.gdb\Datos_Regiones_Dataset_ITRF2008\tendencia_regional_tr20 AÑOS_REG AÑOS_REG #</Process><Process ToolSource="c:\program files (x86)\arcgis\desktop10.8\ArcToolbox\Toolboxes\Data Management Tools.tbx\AssignDomainToField" Date="20210422" Time="191559">AssignDomainToField D:\HOME_OFFICE\Validacion_Climas_muestras\Validacion_INDICE_ESTREMOS_CLIMATICOS\GDB_Indices_extremos.gdb\Datos_Regiones_Dataset_ITRF2008\tendencia_regional_tr20 AÑOS AÑOS_CCD_MEN_PROM #</Process><Process ToolSource="c:\program files (x86)\arcgis\desktop10.8\ArcToolbox\Toolboxes\Data Management Tools.tbx\AssignDomainToField" Date="20210422" Time="191605">AssignDomainToField D:\HOME_OFFICE\Validacion_Climas_muestras\Validacion_INDICE_ESTREMOS_CLIMATICOS\GDB_Indices_extremos.gdb\Datos_Regiones_Dataset_ITRF2008\tendencia_regional_tr20 INICIO INICIO #</Process><Process ToolSource="c:\program files (x86)\arcgis\desktop10.8\ArcToolbox\Toolboxes\Data Management Tools.tbx\AssignDomainToField" Date="20210422" Time="191608">AssignDomainToField D:\HOME_OFFICE\Validacion_Climas_muestras\Validacion_INDICE_ESTREMOS_CLIMATICOS\GDB_Indices_extremos.gdb\Datos_Regiones_Dataset_ITRF2008\tendencia_regional_tr20 FIN FIN #</Process><Process ToolSource="c:\program files (x86)\arcgis\desktop10.8\ArcToolbox\Toolboxes\Data Management Tools.tbx\AssignDomainToField" Date="20210422" Time="191611">AssignDomainToField D:\HOME_OFFICE\Validacion_Climas_muestras\Validacion_INDICE_ESTREMOS_CLIMATICOS\GDB_Indices_extremos.gdb\Datos_Regiones_Dataset_ITRF2008\tendencia_regional_tr20 Cal_pos Cal_pos #</Process><Process ToolSource="c:\program files (x86)\arcgis\desktop10.8\ArcToolbox\Toolboxes\Data Management Tools.tbx\AssignDomainToField" Date="20210422" Time="191642">AssignDomainToField D:\HOME_OFFICE\Validacion_Climas_muestras\Validacion_INDICE_ESTREMOS_CLIMATICOS\GDB_Indices_extremos.gdb\Datos_Regiones_Dataset_ITRF2008\tendencia_regional_tr20 DESV_EST DESV_EST #</Process><Process ToolSource="c:\program files (x86)\arcgis\desktop10.8\ArcToolbox\Toolboxes\Data Management Tools.tbx\Append" Date="20210430" Time="115013">Append 'D:\HOME_OFFICE\Validacion_Climas_muestras\Validacion_INDICE_ESTREMOS_CLIMATICOS\DATOS REGIONALES\Data_for_Load\tendencia_regional_tr20_ITRF08.shp' D:\HOME_OFFICE\Validacion_Climas_muestras\Validacion_INDICE_ESTREMOS_CLIMATICOS\GDB_Indices_extremos.gdb\Datos_Regiones_Dataset_ITRF2008\tendencia_regional_tr20 TEST # #</Process><Process ToolSource="c:\program files (x86)\arcgis\desktop10.8\ArcToolbox\Toolboxes\Data Management Tools.tbx\RecalculateFeatureClassExtent" Date="20210506" Time="160804">RecalculateFeatureClassExtent D:\HOME_OFFICE\Validacion_Climas_muestras\Validacion_INDICE_ESTREMOS_CLIMATICOS\GDB_Indices_extremos.gdb\Datos_Regiones_Dataset_ITRF2008\tendencia_regional_tr20</Process><Process ToolSource="c:\program files (x86)\arcgis\desktop10.8\ArcToolbox\Toolboxes\Data Management Tools.tbx\RecalculateFeatureClassExtent" Date="20210506" Time="170736">RecalculateFeatureClassExtent D:\HOME_OFFICE\Validacion_Climas_muestras\Validacion_INDICE_ESTREMOS_CLIMATICOS\GDB_Indices_extremos.gdb\Datos_Regiones_Dataset_ITRF2008\tendencia_regional_tr20</Process><Process ToolSource="c:\program files (x86)\arcgis\desktop10.8\ArcToolbox\Toolboxes\Data Management Tools.tbx\Append" Date="20210510" Time="135928">Append 'D:\HOME_OFFICE\Validacion_Climas_muestras\Validacion_INDICE_ESTREMOS_CLIMATICOS\DATOS REGIONALES\Data_for_Load\tendencia_regional_tr20_ITRF08.shp' D:\HOME_OFFICE\Validacion_Climas_muestras\Validacion_INDICE_ESTREMOS_CLIMATICOS\CARGA_FEATURES_2\Indices_Extresmos_2.gdb\Datos_Regiones_Dataset_ITRF2008\tendencia_regional_tr20 TEST # #</Process><Process ToolSource="c:\program files (x86)\arcgis\desktop10.8\ArcToolbox\Toolboxes\Data Management Tools.tbx\DeleteFeatures" Date="20210510" Time="161445">DeleteFeatures D:\HOME_OFFICE\Validacion_Climas_muestras\Validacion_INDICE_ESTREMOS_CLIMATICOS\CARGA_FEATURES_2\Indices_Extresmos_2.gdb\Datos_Regiones_Dataset_ITRF2008\tendencia_regional_tr20</Process><Process ToolSource="c:\program files (x86)\arcgis\desktop10.8\ArcToolbox\Toolboxes\Data Management Tools.tbx\Append" Date="20210510" Time="164606">Append 'D:\HOME_OFFICE\Validacion_Climas_muestras\Validacion_INDICE_ESTREMOS_CLIMATICOS\DATOS REGIONALES\Data_for_Load\tendencia_regional_tr20_ITRF08.shp' D:\HOME_OFFICE\Validacion_Climas_muestras\Validacion_INDICE_ESTREMOS_CLIMATICOS\CARGA_FEATURES_2\Indices_Extresmos_2.gdb\Datos_Regiones_Dataset_ITRF2008\tendencia_regional_tr20 TEST # #</Process><Process ToolSource="c:\program files (x86)\arcgis\desktop10.8\ArcToolbox\Toolboxes\Data Management Tools.tbx\RecalculateFeatureClassExtent" Date="20210510" Time="211629">RecalculateFeatureClassExtent D:\HOME_OFFICE\Validacion_Climas_muestras\Validacion_INDICE_ESTREMOS_CLIMATICOS\CARGA_FEATURES_2\Indices_Extremos_2.gdb\Datos_Regiones_Dataset_ITRF2008\tendencia_regional_tr20</Process><Process ToolSource="c:\program files (x86)\arcgis\desktop10.8\ArcToolbox\Toolboxes\Data Management Tools.tbx\Append" Date="20210511" Time="092246">Append 'D:\HOME_OFFICE\Validacion_Climas_muestras\Validacion_INDICE_ESTREMOS_CLIMATICOS\DATOS REGIONALES\Data_for_Load\tendencia_regional_tr20_ITRF08.shp' D:\HOME_OFFICE\Validacion_Climas_muestras\Validacion_INDICE_ESTREMOS_CLIMATICOS\CARGA_FEATURES_2\Indices_Extremos_2.gdb\Datos_Regiones_Dataset_ITRF2008\tendencia_regional_tr20 TEST # #</Process><Process ToolSource="c:\program files (x86)\arcgis\desktop10.8\ArcToolbox\Toolboxes\Data Management Tools.tbx\RecalculateFeatureClassExtent" Date="20210511" Time="093145">RecalculateFeatureClassExtent D:\HOME_OFFICE\Validacion_Climas_muestras\Validacion_INDICE_ESTREMOS_CLIMATICOS\CARGA_FEATURES_2\Indices_Extremos_2.gdb\Datos_Regiones_Dataset_ITRF2008\tendencia_regional_tr20</Process><Process ToolSource="c:\program files (x86)\arcgis\desktop10.8\ArcToolbox\Toolboxes\Data Management Tools.tbx\Append" Date="20210511" Time="101629">Append 'D:\HOME_OFFICE\Validacion_Climas_muestras\Validacion_INDICE_ESTREMOS_CLIMATICOS\DATOS REGIONALES\Data_for_Load\tendencia_regional_tr20_ITRF08.shp' D:\HOME_OFFICE\Validacion_Climas_muestras\Validacion_INDICE_ESTREMOS_CLIMATICOS\CARGA_FEATURES_2\otra_3.gdb\Datos_Regiones_Dataset_ITRF2008\tendencia_regional_tr20 TEST # #</Process><Process ToolSource="c:\program files (x86)\arcgis\desktop10.8\ArcToolbox\Toolboxes\Data Management Tools.tbx\Append" Date="20210518" Time="162638">Append D:\Carga_esquema_BDC\Datos_regiones\tendencia_regional_tr20_ITRF08.shp D:\Carga_esquema_BDC\BD_climatologica.gdb\Datos_Regiones_Dataset_ITRF2008\tendencia_regional_tr20 TEST # #</Process><Process ToolSource="c:\program files (x86)\arcgis\desktop10.8\ArcToolbox\Toolboxes\Data Management Tools.tbx\Append" Date="20210519" Time="090528">Append D:\Carga_esquema_BDC\Datos_regiones\tendencia_regional_tr20_ITRF08.shp D:\Carga_esquema_BDC\BD_climatologica.gdb\Datos_Regiones_Dataset_ITRF2008\tendencia_regional_tr20 TEST # #</Process><Process ToolSource="c:\program files (x86)\arcgis\desktop10.8\ArcToolbox\Toolboxes\Data Management Tools.tbx\Append" Date="20210519" Time="094120">Append D:\Carga_esquema_BDC\Datos_regiones\tendencia_regional_tr20_ITRF08.shp D:\Carga_esquema_BDC\BD_climatologica.gdb\Datos_Regiones_Dataset_ITRF2008\tendencia_regional_tr20 TEST # #</Process><Process ToolSource="c:\program files (x86)\arcgis\desktop10.8\ArcToolbox\Toolboxes\Data Management Tools.tbx\Append" Date="20210519" Time="101129">Append D:\Carga_esquema_BDC\Datos_regiones\tendencia_regional_tr20_ITRF08.shp D:\Carga_esquema_BDC\BD_climatologica.gdb\Datos_Regiones_Dataset_ITRF2008\tendencia_regional_tr20 TEST # #</Process><Process ToolSource="c:\program files (x86)\arcgis\desktop10.8\ArcToolbox\Toolboxes\Data Management Tools.tbx\Append" Date="20210519" Time="121548">Append D:\Carga_esquema_BDC\Datos_regiones\tendencia_regional_tr20_ITRF08.shp D:\Carga_esquema_BDC\BD_climatologica.gdb\Datos_Regiones_Dataset_ITRF2008\tendencia_regional_tr20 TEST # #</Process><Process ToolSource="c:\program files (x86)\arcgis\desktop10.8\ArcToolbox\Toolboxes\Data Management Tools.tbx\Append" Date="20210519" Time="132035">Append D:\Carga_esquema_BDC\Datos_regiones\tendencia_regional_tr20_ITRF08.shp D:\Carga_esquema_BDC\BD_climatologica.gdb\Datos_Regiones_Dataset_ITRF2008\tendencia_regional_tr20 TEST # #</Process></lineage><itemProps><itemName Sync="TRUE">tendencia_regional_tr20</itemName><imsContentType Sync="TRUE">002</imsContentType><itemSize Sync="TRUE">0.000</itemSize><itemLocation><linkage Sync="TRUE">file://\\GEORNA045782D\D$\Documents\2021\BD-Climatológica-corrección\2 Base datos espacial GDB\BD_climatologica_shape\Datos_regiones\tendencia_regional_tr20.shp</linkage><protocol Sync="TRUE">Local Area Network</protocol></itemLocation></itemProps><coordRef><type Sync="TRUE">Geographic</type><geogcsn Sync="TRUE">GCS_ITRF_2008</geogcsn><csUnits Sync="TRUE">Angular Unit: Degree (0.017453)</csUnits><peXml Sync="TRUE">&lt;GeographicCoordinateSystem xsi:type='typens:GeographicCoordinateSystem' xmlns:xsi='http://www.w3.org/2001/XMLSchema-instance' xmlns:xs='http://www.w3.org/2001/XMLSchema' xmlns:typens='http://www.esri.com/schemas/ArcGIS/10.8'&gt;&lt;WKT&gt;GEOGCS[&amp;quot;GCS_ITRF_2008&amp;quot;,DATUM[&amp;quot;D_ITRF_2008&amp;quot;,SPHEROID[&amp;quot;GRS_1980&amp;quot;,6378137.0,298.257222101]],PRIMEM[&amp;quot;Greenwich&amp;quot;,0.0],UNIT[&amp;quot;Degree&amp;quot;,0.0174532925199433],AUTHORITY[&amp;quot;EPSG&amp;quot;,8999]]&lt;/WKT&gt;&lt;XOrigin&gt;-400&lt;/XOrigin&gt;&lt;YOrigin&gt;-400&lt;/YOrigin&gt;&lt;XYScale&gt;11258999068426.238&lt;/XYScale&gt;&lt;ZOrigin&gt;-100000&lt;/ZOrigin&gt;&lt;ZScale&gt;10000&lt;/ZScale&gt;&lt;MOrigin&gt;-100000&lt;/MOrigin&gt;&lt;MScale&gt;10000&lt;/MScale&gt;&lt;XYTolerance&gt;8.9831528411952133e-09&lt;/XYTolerance&gt;&lt;ZTolerance&gt;0.001&lt;/ZTolerance&gt;&lt;MTolerance&gt;0.001&lt;/MTolerance&gt;&lt;HighPrecision&gt;true&lt;/HighPrecision&gt;&lt;LeftLongitude&gt;-180&lt;/LeftLongitude&gt;&lt;WKID&gt;104257&lt;/WKID&gt;&lt;LatestWKID&gt;8999&lt;/LatestWKID&gt;&lt;/GeographicCoordinateSystem&gt;</peXml></coordRef></DataProperties><SyncDate>20210601</SyncDate><SyncTime>06571900</SyncTime><ModDate>20210601</ModDate><ModTime>06571900</ModTime></Esri><dataIdInfo><envirDesc Sync="TRUE"> Version 6.2 (Build 9200) ; Esri ArcGIS 10.8.1.14362</envirDesc><dataLang><languageCode value="spa" Sync="TRUE"></languageCode><countryCode value="MEX" Sync="TRUE"></countryCode></dataLang><idCitation><resTitle Sync="TRUE">tendencia_regional_tr20</resTitle><presForm><PresFormCd value="005" Sync="TRUE"></PresFormCd></presForm></idCitation><spatRpType><SpatRepTypCd value="001" Sync="TRUE"></SpatRepTypCd></spatRpType></dataIdInfo><mdLang><languageCode value="spa" Sync="TRUE"></languageCode><countryCode value="MEX" Sync="TRUE"></countryCode></mdLang><distInfo><distFormat><formatName Sync="TRUE">Shapefile</formatName></distFormat><distTranOps><transSize Sync="TRUE">0.000</transSize></distTranOps></distInfo><mdHrLv><ScopeCd value="005" Sync="TRUE"></ScopeCd></mdHrLv><mdHrLvName Sync="TRUE">dataset</mdHrLvName><refSysInfo><RefSystem><refSysID><identCode code="8999" Sync="TRUE"></identCode><idCodeSpace Sync="TRUE">EPSG</idCodeSpace><idVersion Sync="TRUE">9.6.3(10.8.0)</idVersion></refSysID></RefSystem></refSysInfo><spatRepInfo><VectSpatRep><geometObjs Name="tendencia_regional_tr20"><geoObjTyp><GeoObjTypCd value="002" Sync="TRUE"></GeoObjTypCd></geoObjTyp><geoObjCnt Sync="TRUE">0</geoObjCnt></geometObjs><topLvl><TopoLevCd value="001" Sync="TRUE"></TopoLevCd></topLvl></VectSpatRep></spatRepInfo><spdoinfo><ptvctinf><esriterm Name="tendencia_regional_tr20"><efeatyp Sync="TRUE">Simple</efeatyp><efeageom code="4" Sync="TRUE"></efeageom><esritopo Sync="TRUE">FALSE</esritopo><efeacnt Sync="TRUE">0</efeacnt><spindex Sync="TRUE">FALSE</spindex><linrefer Sync="TRUE">FALSE</linrefer></esriterm></ptvctinf></spdoinfo><eainfo><detailed Name="tendencia_regional_tr20"><enttyp><enttypl Sync="TRUE">tendencia_regional_tr20</enttypl><enttypt Sync="TRUE">Feature Class</enttypt><enttypc Sync="TRUE">0</enttypc></enttyp><attr><attrlabl Sync="TRUE">FID</attrlabl><attalias Sync="TRUE">FID</attalias><attrtype Sync="TRUE">OID</attrtype><attwidth Sync="TRUE">4</attwidth><atprecis Sync="TRUE">0</atprecis><attscale Sync="TRUE">0</attscale><attrdef Sync="TRUE">Internal feature number.</attrdef><attrdefs Sync="TRUE">Esri</attrdefs><attrdomv><udom Sync="TRUE">Sequential unique whole numbers that are automatically generated.</udom></attrdomv></attr><attr><attrlabl Sync="TRUE">Shape</attrlabl><attalias Sync="TRUE">Shape</attalias><attrtype Sync="TRUE">Geometry</attrtype><attwidth Sync="TRUE">0</attwidth><atprecis Sync="TRUE">0</atprecis><attscale Sync="TRUE">0</attscale><attrdef Sync="TRUE">Feature geometry.</attrdef><attrdefs Sync="TRUE">Esri</attrdefs><attrdomv><udom Sync="TRUE">Coordinates defining the features.</udom></attrdomv></attr><attr><attrlabl Sync="TRUE">R_CLIM</attrlabl><attalias Sync="TRUE">R_CLIM</attalias><attrtype Sync="TRUE">Integer</attrtype><attwidth Sync="TRUE">5</attwidth><atprecis Sync="TRUE">5</atprecis><attscale Sync="TRUE">0</attscale></attr><attr><attrlabl Sync="TRUE">NR_CLIM</attrlabl><attalias Sync="TRUE">NR_CLIM</attalias><attrtype Sync="TRUE">String</attrtype><attwidth Sync="TRUE">25</attwidth><atprecis Sync="TRUE">0</atprecis><attscale Sync="TRUE">0</attscale></attr><attr><attrlabl Sync="TRUE">INICIO</attrlabl><attalias Sync="TRUE">INICIO</attalias><attrtype Sync="TRUE">Integer</attrtype><attwidth Sync="TRUE">5</attwidth><atprecis Sync="TRUE">5</atprecis><attscale Sync="TRUE">0</attscale></attr><attr><attrlabl Sync="TRUE">FIN</attrlabl><attalias Sync="TRUE">FIN</attalias><attrtype Sync="TRUE">Integer</attrtype><attwidth Sync="TRUE">5</attwidth><atprecis Sync="TRUE">5</atprecis><attscale Sync="TRUE">0</attscale></attr><attr><attrlabl Sync="TRUE">AÑOS_REG</attrlabl><attalias Sync="TRUE">AÑOS_REG</attalias><attrtype Sync="TRUE">Integer</attrtype><attwidth Sync="TRUE">5</attwidth><atprecis Sync="TRUE">5</atprecis><attscale Sync="TRUE">0</attscale></attr><attr><attrlabl Sync="TRUE">AÑOS</attrlabl><attalias Sync="TRUE">AÑOS</attalias><attrtype Sync="TRUE">Integer</attrtype><attwidth Sync="TRUE">5</attwidth><atprecis Sync="TRUE">5</atprecis><attscale Sync="TRUE">0</attscale></attr><attr><attrlabl Sync="TRUE">TR20_P</attrlabl><attalias Sync="TRUE">TR20_P</attalias><attrtype Sync="TRUE">Single</attrtype><attwidth Sync="TRUE">13</attwidth><atprecis Sync="TRUE">0</atprecis><attscale Sync="TRUE">0</attscale></attr><attr><attrlabl Sync="TRUE">C_V</attrlabl><attalias Sync="TRUE">C_V</attalias><attrtype Sync="TRUE">Single</attrtype><attwidth Sync="TRUE">13</attwidth><atprecis Sync="TRUE">0</atprecis><attscale Sync="TRUE">0</attscale></attr><attr><attrlabl Sync="TRUE">TEND_L</attrlabl><attalias Sync="TRUE">TEND_L</attalias><attrtype Sync="TRUE">Single</attrtype><attwidth Sync="TRUE">13</attwidth><atprecis Sync="TRUE">0</atprecis><attscale Sync="TRUE">0</attscale></attr><attr><attrlabl Sync="TRUE">P_VAL</attrlabl><attalias Sync="TRUE">P_VAL</attalias><attrtype Sync="TRUE">Single</attrtype><attwidth Sync="TRUE">13</attwidth><atprecis Sync="TRUE">0</atprecis><attscale Sync="TRUE">0</attscale></attr><attr><attrlabl Sync="TRUE">DESV_EST</attrlabl><attalias Sync="TRUE">DESV_EST</attalias><attrtype Sync="TRUE">Single</attrtype><attwidth Sync="TRUE">13</attwidth><atprecis Sync="TRUE">0</atprecis><attscale Sync="TRUE">0</attscale></attr><attr><attrlabl Sync="TRUE">T_CRIT</attrlabl><attalias Sync="TRUE">T_CRIT</attalias><attrtype Sync="TRUE">Single</attrtype><attwidth Sync="TRUE">13</attwidth><atprecis Sync="TRUE">0</atprecis><attscale Sync="TRUE">0</attscale></attr><attr><attrlabl Sync="TRUE">VAR_PER</attrlabl><attalias Sync="TRUE">VAR_PER</attalias><attrtype Sync="TRUE">Single</attrtype><attwidth Sync="TRUE">13</attwidth><atprecis Sync="TRUE">0</atprecis><attscale Sync="TRUE">0</attscale></attr><attr><attrlabl Sync="TRUE">SIG_EST</attrlabl><attalias Sync="TRUE">SIG_EST</attalias><attrtype Sync="TRUE">Integer</attrtype><attwidth Sync="TRUE">5</attwidth><atprecis Sync="TRUE">5</atprecis><attscale Sync="TRUE">0</attscale></attr><attr><attrlabl Sync="TRUE">Cal_pos</attrlabl><attalias Sync="TRUE">Cal_pos</attalias><attrtype Sync="TRUE">String</attrtype><attwidth Sync="TRUE">10</attwidth><atprecis Sync="TRUE">0</atprecis><attscale Sync="TRUE">0</attscale></attr><attr><attrlabl Sync="TRUE">Shape_Leng</attrlabl><attalias Sync="TRUE">Shape_Leng</attalias><attrtype Sync="TRUE">Double</attrtype><attwidth Sync="TRUE">19</attwidth><atprecis Sync="TRUE">0</atprecis><attscale Sync="TRUE">0</attscale></attr><attr><attrlabl Sync="TRUE">Shape_Area</attrlabl><attalias Sync="TRUE">Shape_Area</attalias><attrtype Sync="TRUE">Double</attrtype><attwidth Sync="TRUE">19</attwidth><atprecis Sync="TRUE">0</atprecis><attscale Sync="TRUE">0</attscale><attrdef Sync="TRUE">Area of feature in internal units squared.</attrdef><attrdefs Sync="TRUE">Esri</attrdefs><attrdomv><udom Sync="TRUE">Positive real numbers that are automatically generated.</udom></attrdomv></attr></detailed></eainfo><mdDateSt Sync="TRUE">20210601</mdDateSt></metadata>
