<metadata xml:lang="es"><Esri><CreaDate>20210413</CreaDate><CreaTime>09541400</CreaTime><ArcGISFormat>1.0</ArcGISFormat><ArcGISstyle>FGDC CSDGM Metadata</ArcGISstyle><SyncOnce>FALSE</SyncOnce><DataProperties><lineage><Process ToolSource="c:\program files (x86)\arcgis\desktop10.8\ArcToolbox\Toolboxes\Data Management Tools.tbx\CreateFeatureclass" Date="20210413" Time="095414">CreateFeatureclass D:\HOME_OFFICE\Validacion_Climas_muestras\Validacion_INDICE_ESTREMOS_CLIMATICOS\GDB_Indices_extremos.gdb\Datos_Regiones_Dataset_ITRF2008 tendencia_regional_su25 POLYGON 'D:\HOME_OFFICE\Validacion_Climas_muestras\Validacion_INDICE_ESTREMOS_CLIMATICOS\DATOS REGIONALES\2 TENDENCIAS\Anuales\tendencia_regional_su25_ITRF08.shp' DISABLED DISABLED "{B286C06B-0879-11D2-AACA-00C04FA33C20};-450359962737.05 -450359962737.05 10000;#;#;0.001;#;#;IsHighPrecision" # 0 0 0</Process><Process ToolSource="c:\program files (x86)\arcgis\desktop10.8\ArcToolbox\Toolboxes\Data Management Tools.tbx\AssignDomainToField" Date="20210420" Time="163605">AssignDomainToField D:\HOME_OFFICE\Validacion_Climas_muestras\Validacion_INDICE_ESTREMOS_CLIMATICOS\GDB_Indices_extremos.gdb\Datos_Regiones_Dataset_ITRF2008\tendencia_regional_su25 INICIO INICIO #</Process><Process ToolSource="c:\program files (x86)\arcgis\desktop10.8\ArcToolbox\Toolboxes\Data Management Tools.tbx\AssignDomainToField" Date="20210420" Time="163608">AssignDomainToField D:\HOME_OFFICE\Validacion_Climas_muestras\Validacion_INDICE_ESTREMOS_CLIMATICOS\GDB_Indices_extremos.gdb\Datos_Regiones_Dataset_ITRF2008\tendencia_regional_su25 FIN FIN #</Process><Process ToolSource="c:\program files (x86)\arcgis\desktop10.8\ArcToolbox\Toolboxes\Data Management Tools.tbx\AssignDomainToField" Date="20210420" Time="163612">AssignDomainToField D:\HOME_OFFICE\Validacion_Climas_muestras\Validacion_INDICE_ESTREMOS_CLIMATICOS\GDB_Indices_extremos.gdb\Datos_Regiones_Dataset_ITRF2008\tendencia_regional_su25 SU25_P SU25_P #</Process><Process ToolSource="c:\program files (x86)\arcgis\desktop10.8\ArcToolbox\Toolboxes\Data Management Tools.tbx\AssignDomainToField" Date="20210420" Time="163616">AssignDomainToField D:\HOME_OFFICE\Validacion_Climas_muestras\Validacion_INDICE_ESTREMOS_CLIMATICOS\GDB_Indices_extremos.gdb\Datos_Regiones_Dataset_ITRF2008\tendencia_regional_su25 C_V C_V #</Process><Process ToolSource="c:\program files (x86)\arcgis\desktop10.8\ArcToolbox\Toolboxes\Data Management Tools.tbx\AssignDomainToField" Date="20210420" Time="163620">AssignDomainToField D:\HOME_OFFICE\Validacion_Climas_muestras\Validacion_INDICE_ESTREMOS_CLIMATICOS\GDB_Indices_extremos.gdb\Datos_Regiones_Dataset_ITRF2008\tendencia_regional_su25 TEND_L TEND_L #</Process><Process ToolSource="c:\program files (x86)\arcgis\desktop10.8\ArcToolbox\Toolboxes\Data Management Tools.tbx\AssignDomainToField" Date="20210420" Time="163624">AssignDomainToField D:\HOME_OFFICE\Validacion_Climas_muestras\Validacion_INDICE_ESTREMOS_CLIMATICOS\GDB_Indices_extremos.gdb\Datos_Regiones_Dataset_ITRF2008\tendencia_regional_su25 P_VAL P_VAL #</Process><Process ToolSource="c:\program files (x86)\arcgis\desktop10.8\ArcToolbox\Toolboxes\Data Management Tools.tbx\AssignDomainToField" Date="20210420" Time="163627">AssignDomainToField D:\HOME_OFFICE\Validacion_Climas_muestras\Validacion_INDICE_ESTREMOS_CLIMATICOS\GDB_Indices_extremos.gdb\Datos_Regiones_Dataset_ITRF2008\tendencia_regional_su25 DESV_EST DESV_EST #</Process><Process ToolSource="c:\program files (x86)\arcgis\desktop10.8\ArcToolbox\Toolboxes\Data Management Tools.tbx\AssignDomainToField" Date="20210420" Time="163631">AssignDomainToField D:\HOME_OFFICE\Validacion_Climas_muestras\Validacion_INDICE_ESTREMOS_CLIMATICOS\GDB_Indices_extremos.gdb\Datos_Regiones_Dataset_ITRF2008\tendencia_regional_su25 N_T_CRIT N_T_CRIT #</Process><Process ToolSource="c:\program files (x86)\arcgis\desktop10.8\ArcToolbox\Toolboxes\Data Management Tools.tbx\AssignDomainToField" Date="20210420" Time="163635">AssignDomainToField D:\HOME_OFFICE\Validacion_Climas_muestras\Validacion_INDICE_ESTREMOS_CLIMATICOS\GDB_Indices_extremos.gdb\Datos_Regiones_Dataset_ITRF2008\tendencia_regional_su25 VAR_PER VAR_PER #</Process><Process ToolSource="c:\program files (x86)\arcgis\desktop10.8\ArcToolbox\Toolboxes\Data Management Tools.tbx\AssignDomainToField" Date="20210420" Time="163639">AssignDomainToField D:\HOME_OFFICE\Validacion_Climas_muestras\Validacion_INDICE_ESTREMOS_CLIMATICOS\GDB_Indices_extremos.gdb\Datos_Regiones_Dataset_ITRF2008\tendencia_regional_su25 SIG_EST SIG_EST #</Process><Process ToolSource="c:\program files (x86)\arcgis\desktop10.8\ArcToolbox\Toolboxes\Data Management Tools.tbx\AssignDomainToField" Date="20210420" Time="163642">AssignDomainToField D:\HOME_OFFICE\Validacion_Climas_muestras\Validacion_INDICE_ESTREMOS_CLIMATICOS\GDB_Indices_extremos.gdb\Datos_Regiones_Dataset_ITRF2008\tendencia_regional_su25 Cal_pos Cal_pos #</Process><Process ToolSource="c:\program files (x86)\arcgis\desktop10.8\ArcToolbox\Toolboxes\Data Management Tools.tbx\AssignDomainToField" Date="20210420" Time="163648">AssignDomainToField D:\HOME_OFFICE\Validacion_Climas_muestras\Validacion_INDICE_ESTREMOS_CLIMATICOS\GDB_Indices_extremos.gdb\Datos_Regiones_Dataset_ITRF2008\tendencia_regional_su25 AÑOS_REG AÑOS_REG #</Process><Process ToolSource="c:\program files (x86)\arcgis\desktop10.8\ArcToolbox\Toolboxes\Data Management Tools.tbx\AssignDomainToField" Date="20210420" Time="163652">AssignDomainToField D:\HOME_OFFICE\Validacion_Climas_muestras\Validacion_INDICE_ESTREMOS_CLIMATICOS\GDB_Indices_extremos.gdb\Datos_Regiones_Dataset_ITRF2008\tendencia_regional_su25 AÑOS AÑOS_CCD_MEN_PROM #</Process><Process ToolSource="c:\program files (x86)\arcgis\desktop10.8\ArcToolbox\Toolboxes\Data Management Tools.tbx\AssignDomainToField" Date="20210421" Time="110134">AssignDomainToField D:\HOME_OFFICE\Validacion_Climas_muestras\Validacion_INDICE_ESTREMOS_CLIMATICOS\GDB_Indices_extremos.gdb\Datos_Regiones_Dataset_ITRF2008\tendencia_regional_su25 INICIO INICIO #</Process><Process ToolSource="c:\program files (x86)\arcgis\desktop10.8\ArcToolbox\Toolboxes\Data Management Tools.tbx\AssignDomainToField" Date="20210421" Time="110136">AssignDomainToField D:\HOME_OFFICE\Validacion_Climas_muestras\Validacion_INDICE_ESTREMOS_CLIMATICOS\GDB_Indices_extremos.gdb\Datos_Regiones_Dataset_ITRF2008\tendencia_regional_su25 FIN FIN #</Process><Process ToolSource="c:\program files (x86)\arcgis\desktop10.8\ArcToolbox\Toolboxes\Data Management Tools.tbx\AssignDomainToField" Date="20210421" Time="110138">AssignDomainToField D:\HOME_OFFICE\Validacion_Climas_muestras\Validacion_INDICE_ESTREMOS_CLIMATICOS\GDB_Indices_extremos.gdb\Datos_Regiones_Dataset_ITRF2008\tendencia_regional_su25 SU25_P SU25_P #</Process><Process ToolSource="c:\program files (x86)\arcgis\desktop10.8\ArcToolbox\Toolboxes\Data Management Tools.tbx\AssignDomainToField" Date="20210421" Time="110140">AssignDomainToField D:\HOME_OFFICE\Validacion_Climas_muestras\Validacion_INDICE_ESTREMOS_CLIMATICOS\GDB_Indices_extremos.gdb\Datos_Regiones_Dataset_ITRF2008\tendencia_regional_su25 C_V C_V #</Process><Process ToolSource="c:\program files (x86)\arcgis\desktop10.8\ArcToolbox\Toolboxes\Data Management Tools.tbx\AssignDomainToField" Date="20210421" Time="110143">AssignDomainToField D:\HOME_OFFICE\Validacion_Climas_muestras\Validacion_INDICE_ESTREMOS_CLIMATICOS\GDB_Indices_extremos.gdb\Datos_Regiones_Dataset_ITRF2008\tendencia_regional_su25 TEND_L TEND_L #</Process><Process ToolSource="c:\program files (x86)\arcgis\desktop10.8\ArcToolbox\Toolboxes\Data Management Tools.tbx\AssignDomainToField" Date="20210421" Time="110145">AssignDomainToField D:\HOME_OFFICE\Validacion_Climas_muestras\Validacion_INDICE_ESTREMOS_CLIMATICOS\GDB_Indices_extremos.gdb\Datos_Regiones_Dataset_ITRF2008\tendencia_regional_su25 P_VAL P_VAL #</Process><Process ToolSource="c:\program files (x86)\arcgis\desktop10.8\ArcToolbox\Toolboxes\Data Management Tools.tbx\AssignDomainToField" Date="20210421" Time="110147">AssignDomainToField D:\HOME_OFFICE\Validacion_Climas_muestras\Validacion_INDICE_ESTREMOS_CLIMATICOS\GDB_Indices_extremos.gdb\Datos_Regiones_Dataset_ITRF2008\tendencia_regional_su25 DESV_EST DESV_EST #</Process><Process ToolSource="c:\program files (x86)\arcgis\desktop10.8\ArcToolbox\Toolboxes\Data Management Tools.tbx\AssignDomainToField" Date="20210421" Time="110150">AssignDomainToField D:\HOME_OFFICE\Validacion_Climas_muestras\Validacion_INDICE_ESTREMOS_CLIMATICOS\GDB_Indices_extremos.gdb\Datos_Regiones_Dataset_ITRF2008\tendencia_regional_su25 N_T_CRIT N_T_CRIT #</Process><Process ToolSource="c:\program files (x86)\arcgis\desktop10.8\ArcToolbox\Toolboxes\Data Management Tools.tbx\AssignDomainToField" Date="20210421" Time="110152">AssignDomainToField D:\HOME_OFFICE\Validacion_Climas_muestras\Validacion_INDICE_ESTREMOS_CLIMATICOS\GDB_Indices_extremos.gdb\Datos_Regiones_Dataset_ITRF2008\tendencia_regional_su25 VAR_PER VAR_PER #</Process><Process ToolSource="c:\program files (x86)\arcgis\desktop10.8\ArcToolbox\Toolboxes\Data Management Tools.tbx\AssignDomainToField" Date="20210421" Time="110155">AssignDomainToField D:\HOME_OFFICE\Validacion_Climas_muestras\Validacion_INDICE_ESTREMOS_CLIMATICOS\GDB_Indices_extremos.gdb\Datos_Regiones_Dataset_ITRF2008\tendencia_regional_su25 SIG_EST SIG_EST #</Process><Process ToolSource="c:\program files (x86)\arcgis\desktop10.8\ArcToolbox\Toolboxes\Data Management Tools.tbx\AssignDomainToField" Date="20210421" Time="110157">AssignDomainToField D:\HOME_OFFICE\Validacion_Climas_muestras\Validacion_INDICE_ESTREMOS_CLIMATICOS\GDB_Indices_extremos.gdb\Datos_Regiones_Dataset_ITRF2008\tendencia_regional_su25 Cal_pos Cal_pos #</Process><Process ToolSource="c:\program files (x86)\arcgis\desktop10.8\ArcToolbox\Toolboxes\Data Management Tools.tbx\AssignDomainToField" Date="20210421" Time="110201">AssignDomainToField D:\HOME_OFFICE\Validacion_Climas_muestras\Validacion_INDICE_ESTREMOS_CLIMATICOS\GDB_Indices_extremos.gdb\Datos_Regiones_Dataset_ITRF2008\tendencia_regional_su25 AÑOS_REG AÑOS_REG #</Process><Process ToolSource="c:\program files (x86)\arcgis\desktop10.8\ArcToolbox\Toolboxes\Data Management Tools.tbx\AssignDomainToField" Date="20210421" Time="110204">AssignDomainToField D:\HOME_OFFICE\Validacion_Climas_muestras\Validacion_INDICE_ESTREMOS_CLIMATICOS\GDB_Indices_extremos.gdb\Datos_Regiones_Dataset_ITRF2008\tendencia_regional_su25 AÑOS AÑOS_CCD_MEN_PROM #</Process><Process ToolSource="c:\program files (x86)\arcgis\desktop10.8\ArcToolbox\Toolboxes\Data Management Tools.tbx\AssignDomainToField" Date="20210421" Time="192814">AssignDomainToField D:\HOME_OFFICE\Validacion_Climas_muestras\Validacion_INDICE_ESTREMOS_CLIMATICOS\GDB_Indices_extremos.gdb\Datos_Regiones_Dataset_ITRF2008\tendencia_regional_su25 INICIO INICIO #</Process><Process ToolSource="c:\program files (x86)\arcgis\desktop10.8\ArcToolbox\Toolboxes\Data Management Tools.tbx\AssignDomainToField" Date="20210421" Time="192818">AssignDomainToField D:\HOME_OFFICE\Validacion_Climas_muestras\Validacion_INDICE_ESTREMOS_CLIMATICOS\GDB_Indices_extremos.gdb\Datos_Regiones_Dataset_ITRF2008\tendencia_regional_su25 FIN FIN #</Process><Process ToolSource="c:\program files (x86)\arcgis\desktop10.8\ArcToolbox\Toolboxes\Data Management Tools.tbx\AssignDomainToField" Date="20210421" Time="192821">AssignDomainToField D:\HOME_OFFICE\Validacion_Climas_muestras\Validacion_INDICE_ESTREMOS_CLIMATICOS\GDB_Indices_extremos.gdb\Datos_Regiones_Dataset_ITRF2008\tendencia_regional_su25 SU25_P SU25_P #</Process><Process ToolSource="c:\program files (x86)\arcgis\desktop10.8\ArcToolbox\Toolboxes\Data Management Tools.tbx\AssignDomainToField" Date="20210421" Time="192824">AssignDomainToField D:\HOME_OFFICE\Validacion_Climas_muestras\Validacion_INDICE_ESTREMOS_CLIMATICOS\GDB_Indices_extremos.gdb\Datos_Regiones_Dataset_ITRF2008\tendencia_regional_su25 C_V C_V #</Process><Process ToolSource="c:\program files (x86)\arcgis\desktop10.8\ArcToolbox\Toolboxes\Data Management Tools.tbx\AssignDomainToField" Date="20210421" Time="192828">AssignDomainToField D:\HOME_OFFICE\Validacion_Climas_muestras\Validacion_INDICE_ESTREMOS_CLIMATICOS\GDB_Indices_extremos.gdb\Datos_Regiones_Dataset_ITRF2008\tendencia_regional_su25 TEND_L TEND_L #</Process><Process ToolSource="c:\program files (x86)\arcgis\desktop10.8\ArcToolbox\Toolboxes\Data Management Tools.tbx\AssignDomainToField" Date="20210421" Time="192831">AssignDomainToField D:\HOME_OFFICE\Validacion_Climas_muestras\Validacion_INDICE_ESTREMOS_CLIMATICOS\GDB_Indices_extremos.gdb\Datos_Regiones_Dataset_ITRF2008\tendencia_regional_su25 P_VAL P_VAL #</Process><Process ToolSource="c:\program files (x86)\arcgis\desktop10.8\ArcToolbox\Toolboxes\Data Management Tools.tbx\AssignDomainToField" Date="20210421" Time="192835">AssignDomainToField D:\HOME_OFFICE\Validacion_Climas_muestras\Validacion_INDICE_ESTREMOS_CLIMATICOS\GDB_Indices_extremos.gdb\Datos_Regiones_Dataset_ITRF2008\tendencia_regional_su25 DESV_EST DESV_EST #</Process><Process ToolSource="c:\program files (x86)\arcgis\desktop10.8\ArcToolbox\Toolboxes\Data Management Tools.tbx\AssignDomainToField" Date="20210421" Time="192838">AssignDomainToField D:\HOME_OFFICE\Validacion_Climas_muestras\Validacion_INDICE_ESTREMOS_CLIMATICOS\GDB_Indices_extremos.gdb\Datos_Regiones_Dataset_ITRF2008\tendencia_regional_su25 N_T_CRIT N_T_CRIT #</Process><Process ToolSource="c:\program files (x86)\arcgis\desktop10.8\ArcToolbox\Toolboxes\Data Management Tools.tbx\AssignDomainToField" Date="20210421" Time="192842">AssignDomainToField D:\HOME_OFFICE\Validacion_Climas_muestras\Validacion_INDICE_ESTREMOS_CLIMATICOS\GDB_Indices_extremos.gdb\Datos_Regiones_Dataset_ITRF2008\tendencia_regional_su25 VAR_PER VAR_PER #</Process><Process ToolSource="c:\program files (x86)\arcgis\desktop10.8\ArcToolbox\Toolboxes\Data Management Tools.tbx\AssignDomainToField" Date="20210421" Time="192845">AssignDomainToField D:\HOME_OFFICE\Validacion_Climas_muestras\Validacion_INDICE_ESTREMOS_CLIMATICOS\GDB_Indices_extremos.gdb\Datos_Regiones_Dataset_ITRF2008\tendencia_regional_su25 SIG_EST SIG_EST #</Process><Process ToolSource="c:\program files (x86)\arcgis\desktop10.8\ArcToolbox\Toolboxes\Data Management Tools.tbx\AssignDomainToField" Date="20210421" Time="192849">AssignDomainToField D:\HOME_OFFICE\Validacion_Climas_muestras\Validacion_INDICE_ESTREMOS_CLIMATICOS\GDB_Indices_extremos.gdb\Datos_Regiones_Dataset_ITRF2008\tendencia_regional_su25 Cal_pos Cal_pos #</Process><Process ToolSource="c:\program files (x86)\arcgis\desktop10.8\ArcToolbox\Toolboxes\Data Management Tools.tbx\AssignDomainToField" Date="20210421" Time="192854">AssignDomainToField D:\HOME_OFFICE\Validacion_Climas_muestras\Validacion_INDICE_ESTREMOS_CLIMATICOS\GDB_Indices_extremos.gdb\Datos_Regiones_Dataset_ITRF2008\tendencia_regional_su25 AÑOS_REG AÑOS_REG #</Process><Process ToolSource="c:\program files (x86)\arcgis\desktop10.8\ArcToolbox\Toolboxes\Data Management Tools.tbx\AssignDomainToField" Date="20210421" Time="192857">AssignDomainToField D:\HOME_OFFICE\Validacion_Climas_muestras\Validacion_INDICE_ESTREMOS_CLIMATICOS\GDB_Indices_extremos.gdb\Datos_Regiones_Dataset_ITRF2008\tendencia_regional_su25 AÑOS AÑOS_CCD_MEN_PROM #</Process><Process ToolSource="c:\program files (x86)\arcgis\desktop10.8\ArcToolbox\Toolboxes\Data Management Tools.tbx\AssignDomainToField" Date="20210421" Time="210115">AssignDomainToField D:\HOME_OFFICE\Validacion_Climas_muestras\Validacion_INDICE_ESTREMOS_CLIMATICOS\GDB_Indices_extremos.gdb\Datos_Regiones_Dataset_ITRF2008\tendencia_regional_su25 INICIO INICIO #</Process><Process ToolSource="c:\program files (x86)\arcgis\desktop10.8\ArcToolbox\Toolboxes\Data Management Tools.tbx\AssignDomainToField" Date="20210421" Time="210117">AssignDomainToField D:\HOME_OFFICE\Validacion_Climas_muestras\Validacion_INDICE_ESTREMOS_CLIMATICOS\GDB_Indices_extremos.gdb\Datos_Regiones_Dataset_ITRF2008\tendencia_regional_su25 FIN FIN #</Process><Process ToolSource="c:\program files (x86)\arcgis\desktop10.8\ArcToolbox\Toolboxes\Data Management Tools.tbx\AssignDomainToField" Date="20210421" Time="210120">AssignDomainToField D:\HOME_OFFICE\Validacion_Climas_muestras\Validacion_INDICE_ESTREMOS_CLIMATICOS\GDB_Indices_extremos.gdb\Datos_Regiones_Dataset_ITRF2008\tendencia_regional_su25 SU25_P SU25_P #</Process><Process ToolSource="c:\program files (x86)\arcgis\desktop10.8\ArcToolbox\Toolboxes\Data Management Tools.tbx\AssignDomainToField" Date="20210421" Time="210122">AssignDomainToField D:\HOME_OFFICE\Validacion_Climas_muestras\Validacion_INDICE_ESTREMOS_CLIMATICOS\GDB_Indices_extremos.gdb\Datos_Regiones_Dataset_ITRF2008\tendencia_regional_su25 C_V C_V #</Process><Process ToolSource="c:\program files (x86)\arcgis\desktop10.8\ArcToolbox\Toolboxes\Data Management Tools.tbx\AssignDomainToField" Date="20210421" Time="210124">AssignDomainToField D:\HOME_OFFICE\Validacion_Climas_muestras\Validacion_INDICE_ESTREMOS_CLIMATICOS\GDB_Indices_extremos.gdb\Datos_Regiones_Dataset_ITRF2008\tendencia_regional_su25 TEND_L TEND_L #</Process><Process ToolSource="c:\program files (x86)\arcgis\desktop10.8\ArcToolbox\Toolboxes\Data Management Tools.tbx\AssignDomainToField" Date="20210421" Time="210126">AssignDomainToField D:\HOME_OFFICE\Validacion_Climas_muestras\Validacion_INDICE_ESTREMOS_CLIMATICOS\GDB_Indices_extremos.gdb\Datos_Regiones_Dataset_ITRF2008\tendencia_regional_su25 P_VAL P_VAL #</Process><Process ToolSource="c:\program files (x86)\arcgis\desktop10.8\ArcToolbox\Toolboxes\Data Management Tools.tbx\AssignDomainToField" Date="20210421" Time="210128">AssignDomainToField D:\HOME_OFFICE\Validacion_Climas_muestras\Validacion_INDICE_ESTREMOS_CLIMATICOS\GDB_Indices_extremos.gdb\Datos_Regiones_Dataset_ITRF2008\tendencia_regional_su25 DESV_EST DESV_EST #</Process><Process ToolSource="c:\program files (x86)\arcgis\desktop10.8\ArcToolbox\Toolboxes\Data Management Tools.tbx\AssignDomainToField" Date="20210421" Time="210131">AssignDomainToField D:\HOME_OFFICE\Validacion_Climas_muestras\Validacion_INDICE_ESTREMOS_CLIMATICOS\GDB_Indices_extremos.gdb\Datos_Regiones_Dataset_ITRF2008\tendencia_regional_su25 N_T_CRIT N_T_CRIT #</Process><Process ToolSource="c:\program files (x86)\arcgis\desktop10.8\ArcToolbox\Toolboxes\Data Management Tools.tbx\AssignDomainToField" Date="20210421" Time="210133">AssignDomainToField D:\HOME_OFFICE\Validacion_Climas_muestras\Validacion_INDICE_ESTREMOS_CLIMATICOS\GDB_Indices_extremos.gdb\Datos_Regiones_Dataset_ITRF2008\tendencia_regional_su25 VAR_PER VAR_PER #</Process><Process ToolSource="c:\program files (x86)\arcgis\desktop10.8\ArcToolbox\Toolboxes\Data Management Tools.tbx\AssignDomainToField" Date="20210421" Time="210135">AssignDomainToField D:\HOME_OFFICE\Validacion_Climas_muestras\Validacion_INDICE_ESTREMOS_CLIMATICOS\GDB_Indices_extremos.gdb\Datos_Regiones_Dataset_ITRF2008\tendencia_regional_su25 SIG_EST SIG_EST #</Process><Process ToolSource="c:\program files (x86)\arcgis\desktop10.8\ArcToolbox\Toolboxes\Data Management Tools.tbx\AssignDomainToField" Date="20210421" Time="210137">AssignDomainToField D:\HOME_OFFICE\Validacion_Climas_muestras\Validacion_INDICE_ESTREMOS_CLIMATICOS\GDB_Indices_extremos.gdb\Datos_Regiones_Dataset_ITRF2008\tendencia_regional_su25 Cal_pos Cal_pos #</Process><Process ToolSource="c:\program files (x86)\arcgis\desktop10.8\ArcToolbox\Toolboxes\Data Management Tools.tbx\AssignDomainToField" Date="20210421" Time="210141">AssignDomainToField D:\HOME_OFFICE\Validacion_Climas_muestras\Validacion_INDICE_ESTREMOS_CLIMATICOS\GDB_Indices_extremos.gdb\Datos_Regiones_Dataset_ITRF2008\tendencia_regional_su25 AÑOS_REG AÑOS_REG #</Process><Process ToolSource="c:\program files (x86)\arcgis\desktop10.8\ArcToolbox\Toolboxes\Data Management Tools.tbx\AssignDomainToField" Date="20210421" Time="210143">AssignDomainToField D:\HOME_OFFICE\Validacion_Climas_muestras\Validacion_INDICE_ESTREMOS_CLIMATICOS\GDB_Indices_extremos.gdb\Datos_Regiones_Dataset_ITRF2008\tendencia_regional_su25 AÑOS AÑOS_CCD_MEN_PROM #</Process><Process ToolSource="c:\program files (x86)\arcgis\desktop10.8\ArcToolbox\Toolboxes\Data Management Tools.tbx\AssignDomainToField" Date="20210421" Time="221353">AssignDomainToField D:\HOME_OFFICE\Validacion_Climas_muestras\Validacion_INDICE_ESTREMOS_CLIMATICOS\GDB_Indices_extremos.gdb\Datos_Regiones_Dataset_ITRF2008\tendencia_regional_su25 AÑOS_REG AÑOS_REG #</Process><Process ToolSource="c:\program files (x86)\arcgis\desktop10.8\ArcToolbox\Toolboxes\Data Management Tools.tbx\AssignDomainToField" Date="20210421" Time="221357">AssignDomainToField D:\HOME_OFFICE\Validacion_Climas_muestras\Validacion_INDICE_ESTREMOS_CLIMATICOS\GDB_Indices_extremos.gdb\Datos_Regiones_Dataset_ITRF2008\tendencia_regional_su25 AÑOS AÑOS_CCD_MEN_PROM #</Process><Process ToolSource="c:\program files (x86)\arcgis\desktop10.8\ArcToolbox\Toolboxes\Data Management Tools.tbx\AssignDomainToField" Date="20210421" Time="221403">AssignDomainToField D:\HOME_OFFICE\Validacion_Climas_muestras\Validacion_INDICE_ESTREMOS_CLIMATICOS\GDB_Indices_extremos.gdb\Datos_Regiones_Dataset_ITRF2008\tendencia_regional_su25 INICIO INICIO #</Process><Process ToolSource="c:\program files (x86)\arcgis\desktop10.8\ArcToolbox\Toolboxes\Data Management Tools.tbx\AssignDomainToField" Date="20210421" Time="221407">AssignDomainToField D:\HOME_OFFICE\Validacion_Climas_muestras\Validacion_INDICE_ESTREMOS_CLIMATICOS\GDB_Indices_extremos.gdb\Datos_Regiones_Dataset_ITRF2008\tendencia_regional_su25 FIN FIN #</Process><Process ToolSource="c:\program files (x86)\arcgis\desktop10.8\ArcToolbox\Toolboxes\Data Management Tools.tbx\AssignDomainToField" Date="20210421" Time="221411">AssignDomainToField D:\HOME_OFFICE\Validacion_Climas_muestras\Validacion_INDICE_ESTREMOS_CLIMATICOS\GDB_Indices_extremos.gdb\Datos_Regiones_Dataset_ITRF2008\tendencia_regional_su25 Cal_pos Cal_pos #</Process><Process ToolSource="c:\program files (x86)\arcgis\desktop10.8\ArcToolbox\Toolboxes\Data Management Tools.tbx\AssignDomainToField" Date="20210421" Time="221447">AssignDomainToField D:\HOME_OFFICE\Validacion_Climas_muestras\Validacion_INDICE_ESTREMOS_CLIMATICOS\GDB_Indices_extremos.gdb\Datos_Regiones_Dataset_ITRF2008\tendencia_regional_su25 DESV_EST DESV_EST #</Process><Process ToolSource="c:\program files (x86)\arcgis\desktop10.8\ArcToolbox\Toolboxes\Data Management Tools.tbx\AssignDomainToField" Date="20210422" Time="090015">AssignDomainToField D:\HOME_OFFICE\Validacion_Climas_muestras\Validacion_INDICE_ESTREMOS_CLIMATICOS\GDB_Indices_extremos.gdb\Datos_Regiones_Dataset_ITRF2008\tendencia_regional_su25 INICIO INICIO #</Process><Process ToolSource="c:\program files (x86)\arcgis\desktop10.8\ArcToolbox\Toolboxes\Data Management Tools.tbx\AssignDomainToField" Date="20210422" Time="090021">AssignDomainToField D:\HOME_OFFICE\Validacion_Climas_muestras\Validacion_INDICE_ESTREMOS_CLIMATICOS\GDB_Indices_extremos.gdb\Datos_Regiones_Dataset_ITRF2008\tendencia_regional_su25 FIN FIN #</Process><Process ToolSource="c:\program files (x86)\arcgis\desktop10.8\ArcToolbox\Toolboxes\Data Management Tools.tbx\AssignDomainToField" Date="20210422" Time="090026">AssignDomainToField D:\HOME_OFFICE\Validacion_Climas_muestras\Validacion_INDICE_ESTREMOS_CLIMATICOS\GDB_Indices_extremos.gdb\Datos_Regiones_Dataset_ITRF2008\tendencia_regional_su25 SU25_P SU25_P #</Process><Process ToolSource="c:\program files (x86)\arcgis\desktop10.8\ArcToolbox\Toolboxes\Data Management Tools.tbx\AssignDomainToField" Date="20210422" Time="090032">AssignDomainToField D:\HOME_OFFICE\Validacion_Climas_muestras\Validacion_INDICE_ESTREMOS_CLIMATICOS\GDB_Indices_extremos.gdb\Datos_Regiones_Dataset_ITRF2008\tendencia_regional_su25 C_V C_V #</Process><Process ToolSource="c:\program files (x86)\arcgis\desktop10.8\ArcToolbox\Toolboxes\Data Management Tools.tbx\AssignDomainToField" Date="20210422" Time="090037">AssignDomainToField D:\HOME_OFFICE\Validacion_Climas_muestras\Validacion_INDICE_ESTREMOS_CLIMATICOS\GDB_Indices_extremos.gdb\Datos_Regiones_Dataset_ITRF2008\tendencia_regional_su25 TEND_L TEND_L #</Process><Process ToolSource="c:\program files (x86)\arcgis\desktop10.8\ArcToolbox\Toolboxes\Data Management Tools.tbx\AssignDomainToField" Date="20210422" Time="090042">AssignDomainToField D:\HOME_OFFICE\Validacion_Climas_muestras\Validacion_INDICE_ESTREMOS_CLIMATICOS\GDB_Indices_extremos.gdb\Datos_Regiones_Dataset_ITRF2008\tendencia_regional_su25 P_VAL P_VAL #</Process><Process ToolSource="c:\program files (x86)\arcgis\desktop10.8\ArcToolbox\Toolboxes\Data Management Tools.tbx\AssignDomainToField" Date="20210422" Time="090046">AssignDomainToField D:\HOME_OFFICE\Validacion_Climas_muestras\Validacion_INDICE_ESTREMOS_CLIMATICOS\GDB_Indices_extremos.gdb\Datos_Regiones_Dataset_ITRF2008\tendencia_regional_su25 DESV_EST DESV_EST #</Process><Process ToolSource="c:\program files (x86)\arcgis\desktop10.8\ArcToolbox\Toolboxes\Data Management Tools.tbx\AssignDomainToField" Date="20210422" Time="090051">AssignDomainToField D:\HOME_OFFICE\Validacion_Climas_muestras\Validacion_INDICE_ESTREMOS_CLIMATICOS\GDB_Indices_extremos.gdb\Datos_Regiones_Dataset_ITRF2008\tendencia_regional_su25 N_T_CRIT N_T_CRIT #</Process><Process ToolSource="c:\program files (x86)\arcgis\desktop10.8\ArcToolbox\Toolboxes\Data Management Tools.tbx\AssignDomainToField" Date="20210422" Time="090056">AssignDomainToField D:\HOME_OFFICE\Validacion_Climas_muestras\Validacion_INDICE_ESTREMOS_CLIMATICOS\GDB_Indices_extremos.gdb\Datos_Regiones_Dataset_ITRF2008\tendencia_regional_su25 VAR_PER VAR_PER #</Process><Process ToolSource="c:\program files (x86)\arcgis\desktop10.8\ArcToolbox\Toolboxes\Data Management Tools.tbx\AssignDomainToField" Date="20210422" Time="090101">AssignDomainToField D:\HOME_OFFICE\Validacion_Climas_muestras\Validacion_INDICE_ESTREMOS_CLIMATICOS\GDB_Indices_extremos.gdb\Datos_Regiones_Dataset_ITRF2008\tendencia_regional_su25 SIG_EST SIG_EST #</Process><Process ToolSource="c:\program files (x86)\arcgis\desktop10.8\ArcToolbox\Toolboxes\Data Management Tools.tbx\AssignDomainToField" Date="20210422" Time="090108">AssignDomainToField D:\HOME_OFFICE\Validacion_Climas_muestras\Validacion_INDICE_ESTREMOS_CLIMATICOS\GDB_Indices_extremos.gdb\Datos_Regiones_Dataset_ITRF2008\tendencia_regional_su25 Cal_pos Cal_pos #</Process><Process ToolSource="c:\program files (x86)\arcgis\desktop10.8\ArcToolbox\Toolboxes\Data Management Tools.tbx\AssignDomainToField" Date="20210422" Time="090118">AssignDomainToField D:\HOME_OFFICE\Validacion_Climas_muestras\Validacion_INDICE_ESTREMOS_CLIMATICOS\GDB_Indices_extremos.gdb\Datos_Regiones_Dataset_ITRF2008\tendencia_regional_su25 AÑOS_REG AÑOS_REG #</Process><Process ToolSource="c:\program files (x86)\arcgis\desktop10.8\ArcToolbox\Toolboxes\Data Management Tools.tbx\AssignDomainToField" Date="20210422" Time="090125">AssignDomainToField D:\HOME_OFFICE\Validacion_Climas_muestras\Validacion_INDICE_ESTREMOS_CLIMATICOS\GDB_Indices_extremos.gdb\Datos_Regiones_Dataset_ITRF2008\tendencia_regional_su25 AÑOS AÑOS_CCD_MEN_PROM #</Process><Process ToolSource="c:\program files (x86)\arcgis\desktop10.8\ArcToolbox\Toolboxes\Data Management Tools.tbx\AssignDomainToField" Date="20210422" Time="102722">AssignDomainToField D:\HOME_OFFICE\Validacion_Climas_muestras\Validacion_INDICE_ESTREMOS_CLIMATICOS\GDB_Indices_extremos.gdb\Datos_Regiones_Dataset_ITRF2008\tendencia_regional_su25 AÑOS_REG AÑOS_REG #</Process><Process ToolSource="c:\program files (x86)\arcgis\desktop10.8\ArcToolbox\Toolboxes\Data Management Tools.tbx\AssignDomainToField" Date="20210422" Time="102726">AssignDomainToField D:\HOME_OFFICE\Validacion_Climas_muestras\Validacion_INDICE_ESTREMOS_CLIMATICOS\GDB_Indices_extremos.gdb\Datos_Regiones_Dataset_ITRF2008\tendencia_regional_su25 AÑOS AÑOS_CCD_MEN_PROM #</Process><Process ToolSource="c:\program files (x86)\arcgis\desktop10.8\ArcToolbox\Toolboxes\Data Management Tools.tbx\AssignDomainToField" Date="20210422" Time="102731">AssignDomainToField D:\HOME_OFFICE\Validacion_Climas_muestras\Validacion_INDICE_ESTREMOS_CLIMATICOS\GDB_Indices_extremos.gdb\Datos_Regiones_Dataset_ITRF2008\tendencia_regional_su25 INICIO INICIO #</Process><Process ToolSource="c:\program files (x86)\arcgis\desktop10.8\ArcToolbox\Toolboxes\Data Management Tools.tbx\AssignDomainToField" Date="20210422" Time="102734">AssignDomainToField D:\HOME_OFFICE\Validacion_Climas_muestras\Validacion_INDICE_ESTREMOS_CLIMATICOS\GDB_Indices_extremos.gdb\Datos_Regiones_Dataset_ITRF2008\tendencia_regional_su25 FIN FIN #</Process><Process ToolSource="c:\program files (x86)\arcgis\desktop10.8\ArcToolbox\Toolboxes\Data Management Tools.tbx\AssignDomainToField" Date="20210422" Time="102737">AssignDomainToField D:\HOME_OFFICE\Validacion_Climas_muestras\Validacion_INDICE_ESTREMOS_CLIMATICOS\GDB_Indices_extremos.gdb\Datos_Regiones_Dataset_ITRF2008\tendencia_regional_su25 Cal_pos Cal_pos #</Process><Process ToolSource="c:\program files (x86)\arcgis\desktop10.8\ArcToolbox\Toolboxes\Data Management Tools.tbx\AssignDomainToField" Date="20210422" Time="102802">AssignDomainToField D:\HOME_OFFICE\Validacion_Climas_muestras\Validacion_INDICE_ESTREMOS_CLIMATICOS\GDB_Indices_extremos.gdb\Datos_Regiones_Dataset_ITRF2008\tendencia_regional_su25 DESV_EST DESV_EST #</Process><Process ToolSource="c:\program files (x86)\arcgis\desktop10.8\ArcToolbox\Toolboxes\Data Management Tools.tbx\AssignDomainToField" Date="20210422" Time="180258">AssignDomainToField D:\HOME_OFFICE\Validacion_Climas_muestras\Validacion_INDICE_ESTREMOS_CLIMATICOS\GDB_Indices_extremos.gdb\Datos_Regiones_Dataset_ITRF2008\tendencia_regional_su25 R_CLIM R_CLIM #</Process><Process ToolSource="c:\program files (x86)\arcgis\desktop10.8\ArcToolbox\Toolboxes\Data Management Tools.tbx\AssignDomainToField" Date="20210422" Time="180302">AssignDomainToField D:\HOME_OFFICE\Validacion_Climas_muestras\Validacion_INDICE_ESTREMOS_CLIMATICOS\GDB_Indices_extremos.gdb\Datos_Regiones_Dataset_ITRF2008\tendencia_regional_su25 NR_CLIM N_R_CLIM #</Process><Process ToolSource="c:\program files (x86)\arcgis\desktop10.8\ArcToolbox\Toolboxes\Data Management Tools.tbx\AssignDomainToField" Date="20210422" Time="180306">AssignDomainToField D:\HOME_OFFICE\Validacion_Climas_muestras\Validacion_INDICE_ESTREMOS_CLIMATICOS\GDB_Indices_extremos.gdb\Datos_Regiones_Dataset_ITRF2008\tendencia_regional_su25 INICIO INICIO #</Process><Process ToolSource="c:\program files (x86)\arcgis\desktop10.8\ArcToolbox\Toolboxes\Data Management Tools.tbx\AssignDomainToField" Date="20210422" Time="180310">AssignDomainToField D:\HOME_OFFICE\Validacion_Climas_muestras\Validacion_INDICE_ESTREMOS_CLIMATICOS\GDB_Indices_extremos.gdb\Datos_Regiones_Dataset_ITRF2008\tendencia_regional_su25 FIN FIN #</Process><Process ToolSource="c:\program files (x86)\arcgis\desktop10.8\ArcToolbox\Toolboxes\Data Management Tools.tbx\AssignDomainToField" Date="20210422" Time="180314">AssignDomainToField D:\HOME_OFFICE\Validacion_Climas_muestras\Validacion_INDICE_ESTREMOS_CLIMATICOS\GDB_Indices_extremos.gdb\Datos_Regiones_Dataset_ITRF2008\tendencia_regional_su25 SU25_P SU25_P #</Process><Process ToolSource="c:\program files (x86)\arcgis\desktop10.8\ArcToolbox\Toolboxes\Data Management Tools.tbx\AssignDomainToField" Date="20210422" Time="180319">AssignDomainToField D:\HOME_OFFICE\Validacion_Climas_muestras\Validacion_INDICE_ESTREMOS_CLIMATICOS\GDB_Indices_extremos.gdb\Datos_Regiones_Dataset_ITRF2008\tendencia_regional_su25 C_V C_V #</Process><Process ToolSource="c:\program files (x86)\arcgis\desktop10.8\ArcToolbox\Toolboxes\Data Management Tools.tbx\AssignDomainToField" Date="20210422" Time="180322">AssignDomainToField D:\HOME_OFFICE\Validacion_Climas_muestras\Validacion_INDICE_ESTREMOS_CLIMATICOS\GDB_Indices_extremos.gdb\Datos_Regiones_Dataset_ITRF2008\tendencia_regional_su25 TEND_L TEND_L #</Process><Process ToolSource="c:\program files (x86)\arcgis\desktop10.8\ArcToolbox\Toolboxes\Data Management Tools.tbx\AssignDomainToField" Date="20210422" Time="180326">AssignDomainToField D:\HOME_OFFICE\Validacion_Climas_muestras\Validacion_INDICE_ESTREMOS_CLIMATICOS\GDB_Indices_extremos.gdb\Datos_Regiones_Dataset_ITRF2008\tendencia_regional_su25 P_VAL P_VAL #</Process><Process ToolSource="c:\program files (x86)\arcgis\desktop10.8\ArcToolbox\Toolboxes\Data Management Tools.tbx\AssignDomainToField" Date="20210422" Time="180330">AssignDomainToField D:\HOME_OFFICE\Validacion_Climas_muestras\Validacion_INDICE_ESTREMOS_CLIMATICOS\GDB_Indices_extremos.gdb\Datos_Regiones_Dataset_ITRF2008\tendencia_regional_su25 DESV_EST DESV_EST #</Process><Process ToolSource="c:\program files (x86)\arcgis\desktop10.8\ArcToolbox\Toolboxes\Data Management Tools.tbx\AssignDomainToField" Date="20210422" Time="180334">AssignDomainToField D:\HOME_OFFICE\Validacion_Climas_muestras\Validacion_INDICE_ESTREMOS_CLIMATICOS\GDB_Indices_extremos.gdb\Datos_Regiones_Dataset_ITRF2008\tendencia_regional_su25 N_T_CRIT N_T_CRIT #</Process><Process ToolSource="c:\program files (x86)\arcgis\desktop10.8\ArcToolbox\Toolboxes\Data Management Tools.tbx\AssignDomainToField" Date="20210422" Time="180338">AssignDomainToField D:\HOME_OFFICE\Validacion_Climas_muestras\Validacion_INDICE_ESTREMOS_CLIMATICOS\GDB_Indices_extremos.gdb\Datos_Regiones_Dataset_ITRF2008\tendencia_regional_su25 VAR_PER VAR_PER #</Process><Process ToolSource="c:\program files (x86)\arcgis\desktop10.8\ArcToolbox\Toolboxes\Data Management Tools.tbx\AssignDomainToField" Date="20210422" Time="180342">AssignDomainToField D:\HOME_OFFICE\Validacion_Climas_muestras\Validacion_INDICE_ESTREMOS_CLIMATICOS\GDB_Indices_extremos.gdb\Datos_Regiones_Dataset_ITRF2008\tendencia_regional_su25 SIG_EST SIG_EST #</Process><Process ToolSource="c:\program files (x86)\arcgis\desktop10.8\ArcToolbox\Toolboxes\Data Management Tools.tbx\AssignDomainToField" Date="20210422" Time="180346">AssignDomainToField D:\HOME_OFFICE\Validacion_Climas_muestras\Validacion_INDICE_ESTREMOS_CLIMATICOS\GDB_Indices_extremos.gdb\Datos_Regiones_Dataset_ITRF2008\tendencia_regional_su25 Cal_pos Cal_pos #</Process><Process ToolSource="c:\program files (x86)\arcgis\desktop10.8\ArcToolbox\Toolboxes\Data Management Tools.tbx\AssignDomainToField" Date="20210422" Time="180353">AssignDomainToField D:\HOME_OFFICE\Validacion_Climas_muestras\Validacion_INDICE_ESTREMOS_CLIMATICOS\GDB_Indices_extremos.gdb\Datos_Regiones_Dataset_ITRF2008\tendencia_regional_su25 AÑOS_REG AÑOS_REG #</Process><Process ToolSource="c:\program files (x86)\arcgis\desktop10.8\ArcToolbox\Toolboxes\Data Management Tools.tbx\AssignDomainToField" Date="20210422" Time="180357">AssignDomainToField D:\HOME_OFFICE\Validacion_Climas_muestras\Validacion_INDICE_ESTREMOS_CLIMATICOS\GDB_Indices_extremos.gdb\Datos_Regiones_Dataset_ITRF2008\tendencia_regional_su25 AÑOS AÑOS_CCD_MEN_PROM #</Process><Process ToolSource="c:\program files (x86)\arcgis\desktop10.8\ArcToolbox\Toolboxes\Data Management Tools.tbx\AssignDomainToField" Date="20210422" Time="191503">AssignDomainToField D:\HOME_OFFICE\Validacion_Climas_muestras\Validacion_INDICE_ESTREMOS_CLIMATICOS\GDB_Indices_extremos.gdb\Datos_Regiones_Dataset_ITRF2008\tendencia_regional_su25 AÑOS_REG AÑOS_REG #</Process><Process ToolSource="c:\program files (x86)\arcgis\desktop10.8\ArcToolbox\Toolboxes\Data Management Tools.tbx\AssignDomainToField" Date="20210422" Time="191507">AssignDomainToField D:\HOME_OFFICE\Validacion_Climas_muestras\Validacion_INDICE_ESTREMOS_CLIMATICOS\GDB_Indices_extremos.gdb\Datos_Regiones_Dataset_ITRF2008\tendencia_regional_su25 AÑOS AÑOS_CCD_MEN_PROM #</Process><Process ToolSource="c:\program files (x86)\arcgis\desktop10.8\ArcToolbox\Toolboxes\Data Management Tools.tbx\AssignDomainToField" Date="20210422" Time="191512">AssignDomainToField D:\HOME_OFFICE\Validacion_Climas_muestras\Validacion_INDICE_ESTREMOS_CLIMATICOS\GDB_Indices_extremos.gdb\Datos_Regiones_Dataset_ITRF2008\tendencia_regional_su25 INICIO INICIO #</Process><Process ToolSource="c:\program files (x86)\arcgis\desktop10.8\ArcToolbox\Toolboxes\Data Management Tools.tbx\AssignDomainToField" Date="20210422" Time="191515">AssignDomainToField D:\HOME_OFFICE\Validacion_Climas_muestras\Validacion_INDICE_ESTREMOS_CLIMATICOS\GDB_Indices_extremos.gdb\Datos_Regiones_Dataset_ITRF2008\tendencia_regional_su25 FIN FIN #</Process><Process ToolSource="c:\program files (x86)\arcgis\desktop10.8\ArcToolbox\Toolboxes\Data Management Tools.tbx\AssignDomainToField" Date="20210422" Time="191518">AssignDomainToField D:\HOME_OFFICE\Validacion_Climas_muestras\Validacion_INDICE_ESTREMOS_CLIMATICOS\GDB_Indices_extremos.gdb\Datos_Regiones_Dataset_ITRF2008\tendencia_regional_su25 Cal_pos Cal_pos #</Process><Process ToolSource="c:\program files (x86)\arcgis\desktop10.8\ArcToolbox\Toolboxes\Data Management Tools.tbx\AssignDomainToField" Date="20210422" Time="191548">AssignDomainToField D:\HOME_OFFICE\Validacion_Climas_muestras\Validacion_INDICE_ESTREMOS_CLIMATICOS\GDB_Indices_extremos.gdb\Datos_Regiones_Dataset_ITRF2008\tendencia_regional_su25 DESV_EST DESV_EST #</Process><Process ToolSource="c:\program files (x86)\arcgis\desktop10.8\ArcToolbox\Toolboxes\Data Management Tools.tbx\Append" Date="20210430" Time="114951">Append 'D:\HOME_OFFICE\Validacion_Climas_muestras\Validacion_INDICE_ESTREMOS_CLIMATICOS\DATOS REGIONALES\Data_for_Load\tendencia_regional_su25_ITRF08.shp' D:\HOME_OFFICE\Validacion_Climas_muestras\Validacion_INDICE_ESTREMOS_CLIMATICOS\GDB_Indices_extremos.gdb\Datos_Regiones_Dataset_ITRF2008\tendencia_regional_su25 TEST # #</Process><Process ToolSource="c:\program files (x86)\arcgis\desktop10.8\ArcToolbox\Toolboxes\Data Management Tools.tbx\RecalculateFeatureClassExtent" Date="20210506" Time="160801">RecalculateFeatureClassExtent D:\HOME_OFFICE\Validacion_Climas_muestras\Validacion_INDICE_ESTREMOS_CLIMATICOS\GDB_Indices_extremos.gdb\Datos_Regiones_Dataset_ITRF2008\tendencia_regional_su25</Process><Process ToolSource="c:\program files (x86)\arcgis\desktop10.8\ArcToolbox\Toolboxes\Data Management Tools.tbx\RecalculateFeatureClassExtent" Date="20210506" Time="170732">RecalculateFeatureClassExtent D:\HOME_OFFICE\Validacion_Climas_muestras\Validacion_INDICE_ESTREMOS_CLIMATICOS\GDB_Indices_extremos.gdb\Datos_Regiones_Dataset_ITRF2008\tendencia_regional_su25</Process><Process ToolSource="c:\program files (x86)\arcgis\desktop10.8\ArcToolbox\Toolboxes\Data Management Tools.tbx\Append" Date="20210510" Time="135907">Append 'D:\HOME_OFFICE\Validacion_Climas_muestras\Validacion_INDICE_ESTREMOS_CLIMATICOS\DATOS REGIONALES\Data_for_Load\tendencia_regional_su25_ITRF08.shp' D:\HOME_OFFICE\Validacion_Climas_muestras\Validacion_INDICE_ESTREMOS_CLIMATICOS\CARGA_FEATURES_2\Indices_Extresmos_2.gdb\Datos_Regiones_Dataset_ITRF2008\tendencia_regional_su25 TEST # #</Process><Process ToolSource="c:\program files (x86)\arcgis\desktop10.8\ArcToolbox\Toolboxes\Data Management Tools.tbx\DeleteFeatures" Date="20210510" Time="161448">DeleteFeatures D:\HOME_OFFICE\Validacion_Climas_muestras\Validacion_INDICE_ESTREMOS_CLIMATICOS\CARGA_FEATURES_2\Indices_Extresmos_2.gdb\Datos_Regiones_Dataset_ITRF2008\tendencia_regional_su25</Process><Process ToolSource="c:\program files (x86)\arcgis\desktop10.8\ArcToolbox\Toolboxes\Data Management Tools.tbx\Append" Date="20210510" Time="164539">Append 'D:\HOME_OFFICE\Validacion_Climas_muestras\Validacion_INDICE_ESTREMOS_CLIMATICOS\DATOS REGIONALES\Data_for_Load\tendencia_regional_su25_ITRF08.shp' D:\HOME_OFFICE\Validacion_Climas_muestras\Validacion_INDICE_ESTREMOS_CLIMATICOS\CARGA_FEATURES_2\Indices_Extresmos_2.gdb\Datos_Regiones_Dataset_ITRF2008\tendencia_regional_su25 TEST # #</Process><Process ToolSource="c:\program files (x86)\arcgis\desktop10.8\ArcToolbox\Toolboxes\Data Management Tools.tbx\RecalculateFeatureClassExtent" Date="20210510" Time="211632">RecalculateFeatureClassExtent D:\HOME_OFFICE\Validacion_Climas_muestras\Validacion_INDICE_ESTREMOS_CLIMATICOS\CARGA_FEATURES_2\Indices_Extremos_2.gdb\Datos_Regiones_Dataset_ITRF2008\tendencia_regional_su25</Process><Process ToolSource="c:\program files (x86)\arcgis\desktop10.8\ArcToolbox\Toolboxes\Data Management Tools.tbx\Append" Date="20210511" Time="092232">Append 'D:\HOME_OFFICE\Validacion_Climas_muestras\Validacion_INDICE_ESTREMOS_CLIMATICOS\DATOS REGIONALES\Data_for_Load\tendencia_regional_su25_ITRF08.shp' D:\HOME_OFFICE\Validacion_Climas_muestras\Validacion_INDICE_ESTREMOS_CLIMATICOS\CARGA_FEATURES_2\Indices_Extremos_2.gdb\Datos_Regiones_Dataset_ITRF2008\tendencia_regional_su25 TEST # #</Process><Process ToolSource="c:\program files (x86)\arcgis\desktop10.8\ArcToolbox\Toolboxes\Data Management Tools.tbx\RecalculateFeatureClassExtent" Date="20210511" Time="093148">RecalculateFeatureClassExtent D:\HOME_OFFICE\Validacion_Climas_muestras\Validacion_INDICE_ESTREMOS_CLIMATICOS\CARGA_FEATURES_2\Indices_Extremos_2.gdb\Datos_Regiones_Dataset_ITRF2008\tendencia_regional_su25</Process><Process ToolSource="c:\program files (x86)\arcgis\desktop10.8\ArcToolbox\Toolboxes\Data Management Tools.tbx\Append" Date="20210511" Time="101608">Append 'D:\HOME_OFFICE\Validacion_Climas_muestras\Validacion_INDICE_ESTREMOS_CLIMATICOS\DATOS REGIONALES\Data_for_Load\tendencia_regional_su25_ITRF08.shp' D:\HOME_OFFICE\Validacion_Climas_muestras\Validacion_INDICE_ESTREMOS_CLIMATICOS\CARGA_FEATURES_2\otra_3.gdb\Datos_Regiones_Dataset_ITRF2008\tendencia_regional_su25 TEST # #</Process><Process ToolSource="c:\program files (x86)\arcgis\desktop10.8\ArcToolbox\Toolboxes\Data Management Tools.tbx\Append" Date="20210518" Time="162632">Append D:\Carga_esquema_BDC\Datos_regiones\tendencia_regional_su25_ITRF08.shp D:\Carga_esquema_BDC\BD_climatologica.gdb\Datos_Regiones_Dataset_ITRF2008\tendencia_regional_su25 TEST # #</Process><Process ToolSource="c:\program files (x86)\arcgis\desktop10.8\ArcToolbox\Toolboxes\Data Management Tools.tbx\Append" Date="20210519" Time="090521">Append D:\Carga_esquema_BDC\Datos_regiones\tendencia_regional_su25_ITRF08.shp D:\Carga_esquema_BDC\BD_climatologica.gdb\Datos_Regiones_Dataset_ITRF2008\tendencia_regional_su25 TEST # #</Process><Process ToolSource="c:\program files (x86)\arcgis\desktop10.8\ArcToolbox\Toolboxes\Data Management Tools.tbx\Append" Date="20210519" Time="094114">Append D:\Carga_esquema_BDC\Datos_regiones\tendencia_regional_su25_ITRF08.shp D:\Carga_esquema_BDC\BD_climatologica.gdb\Datos_Regiones_Dataset_ITRF2008\tendencia_regional_su25 TEST # #</Process><Process ToolSource="c:\program files (x86)\arcgis\desktop10.8\ArcToolbox\Toolboxes\Data Management Tools.tbx\Append" Date="20210519" Time="101123">Append D:\Carga_esquema_BDC\Datos_regiones\tendencia_regional_su25_ITRF08.shp D:\Carga_esquema_BDC\BD_climatologica.gdb\Datos_Regiones_Dataset_ITRF2008\tendencia_regional_su25 TEST # #</Process><Process ToolSource="c:\program files (x86)\arcgis\desktop10.8\ArcToolbox\Toolboxes\Data Management Tools.tbx\Append" Date="20210519" Time="121541">Append D:\Carga_esquema_BDC\Datos_regiones\tendencia_regional_su25_ITRF08.shp D:\Carga_esquema_BDC\BD_climatologica.gdb\Datos_Regiones_Dataset_ITRF2008\tendencia_regional_su25 TEST # #</Process><Process ToolSource="c:\program files (x86)\arcgis\desktop10.8\ArcToolbox\Toolboxes\Data Management Tools.tbx\Append" Date="20210519" Time="132029">Append D:\Carga_esquema_BDC\Datos_regiones\tendencia_regional_su25_ITRF08.shp D:\Carga_esquema_BDC\BD_climatologica.gdb\Datos_Regiones_Dataset_ITRF2008\tendencia_regional_su25 TEST # #</Process></lineage><itemProps><itemName Sync="TRUE">tendencia_regional_su25</itemName><imsContentType Sync="TRUE">002</imsContentType><itemSize Sync="TRUE">0.000</itemSize><itemLocation><linkage Sync="TRUE">file://\\GEORNA045782D\D$\Documents\2021\BD-Climatológica-corrección\2 Base datos espacial GDB\BD_climatologica_shape\Datos_regiones\tendencia_regional_su25.shp</linkage><protocol Sync="TRUE">Local Area Network</protocol></itemLocation></itemProps><coordRef><type Sync="TRUE">Geographic</type><geogcsn Sync="TRUE">GCS_ITRF_2008</geogcsn><csUnits Sync="TRUE">Angular Unit: Degree (0.017453)</csUnits><peXml Sync="TRUE">&lt;GeographicCoordinateSystem xsi:type='typens:GeographicCoordinateSystem' xmlns:xsi='http://www.w3.org/2001/XMLSchema-instance' xmlns:xs='http://www.w3.org/2001/XMLSchema' xmlns:typens='http://www.esri.com/schemas/ArcGIS/10.8'&gt;&lt;WKT&gt;GEOGCS[&amp;quot;GCS_ITRF_2008&amp;quot;,DATUM[&amp;quot;D_ITRF_2008&amp;quot;,SPHEROID[&amp;quot;GRS_1980&amp;quot;,6378137.0,298.257222101]],PRIMEM[&amp;quot;Greenwich&amp;quot;,0.0],UNIT[&amp;quot;Degree&amp;quot;,0.0174532925199433],AUTHORITY[&amp;quot;EPSG&amp;quot;,8999]]&lt;/WKT&gt;&lt;XOrigin&gt;-400&lt;/XOrigin&gt;&lt;YOrigin&gt;-400&lt;/YOrigin&gt;&lt;XYScale&gt;11258999068426.238&lt;/XYScale&gt;&lt;ZOrigin&gt;-100000&lt;/ZOrigin&gt;&lt;ZScale&gt;10000&lt;/ZScale&gt;&lt;MOrigin&gt;-100000&lt;/MOrigin&gt;&lt;MScale&gt;10000&lt;/MScale&gt;&lt;XYTolerance&gt;8.9831528411952133e-09&lt;/XYTolerance&gt;&lt;ZTolerance&gt;0.001&lt;/ZTolerance&gt;&lt;MTolerance&gt;0.001&lt;/MTolerance&gt;&lt;HighPrecision&gt;true&lt;/HighPrecision&gt;&lt;LeftLongitude&gt;-180&lt;/LeftLongitude&gt;&lt;WKID&gt;104257&lt;/WKID&gt;&lt;LatestWKID&gt;8999&lt;/LatestWKID&gt;&lt;/GeographicCoordinateSystem&gt;</peXml></coordRef></DataProperties><SyncDate>20210601</SyncDate><SyncTime>06570200</SyncTime><ModDate>20210601</ModDate><ModTime>06570200</ModTime></Esri><dataIdInfo><envirDesc Sync="TRUE"> Version 6.2 (Build 9200) ; Esri ArcGIS 10.8.1.14362</envirDesc><dataLang><languageCode value="spa" Sync="TRUE"></languageCode><countryCode value="MEX" Sync="TRUE"></countryCode></dataLang><idCitation><resTitle Sync="TRUE">tendencia_regional_su25</resTitle><presForm><PresFormCd value="005" Sync="TRUE"></PresFormCd></presForm></idCitation><spatRpType><SpatRepTypCd value="001" Sync="TRUE"></SpatRepTypCd></spatRpType></dataIdInfo><mdLang><languageCode value="spa" Sync="TRUE"></languageCode><countryCode value="MEX" Sync="TRUE"></countryCode></mdLang><distInfo><distFormat><formatName Sync="TRUE">Shapefile</formatName></distFormat><distTranOps><transSize Sync="TRUE">0.000</transSize></distTranOps></distInfo><mdHrLv><ScopeCd value="005" Sync="TRUE"></ScopeCd></mdHrLv><mdHrLvName Sync="TRUE">dataset</mdHrLvName><refSysInfo><RefSystem><refSysID><identCode code="8999" Sync="TRUE"></identCode><idCodeSpace Sync="TRUE">EPSG</idCodeSpace><idVersion Sync="TRUE">9.6.3(10.8.0)</idVersion></refSysID></RefSystem></refSysInfo><spatRepInfo><VectSpatRep><geometObjs Name="tendencia_regional_su25"><geoObjTyp><GeoObjTypCd value="002" Sync="TRUE"></GeoObjTypCd></geoObjTyp><geoObjCnt Sync="TRUE">0</geoObjCnt></geometObjs><topLvl><TopoLevCd value="001" Sync="TRUE"></TopoLevCd></topLvl></VectSpatRep></spatRepInfo><spdoinfo><ptvctinf><esriterm Name="tendencia_regional_su25"><efeatyp Sync="TRUE">Simple</efeatyp><efeageom code="4" Sync="TRUE"></efeageom><esritopo Sync="TRUE">FALSE</esritopo><efeacnt Sync="TRUE">0</efeacnt><spindex Sync="TRUE">FALSE</spindex><linrefer Sync="TRUE">FALSE</linrefer></esriterm></ptvctinf></spdoinfo><eainfo><detailed Name="tendencia_regional_su25"><enttyp><enttypl Sync="TRUE">tendencia_regional_su25</enttypl><enttypt Sync="TRUE">Feature Class</enttypt><enttypc Sync="TRUE">0</enttypc></enttyp><attr><attrlabl Sync="TRUE">FID</attrlabl><attalias Sync="TRUE">FID</attalias><attrtype Sync="TRUE">OID</attrtype><attwidth Sync="TRUE">4</attwidth><atprecis Sync="TRUE">0</atprecis><attscale Sync="TRUE">0</attscale><attrdef Sync="TRUE">Internal feature number.</attrdef><attrdefs Sync="TRUE">Esri</attrdefs><attrdomv><udom Sync="TRUE">Sequential unique whole numbers that are automatically generated.</udom></attrdomv></attr><attr><attrlabl Sync="TRUE">Shape</attrlabl><attalias Sync="TRUE">Shape</attalias><attrtype Sync="TRUE">Geometry</attrtype><attwidth Sync="TRUE">0</attwidth><atprecis Sync="TRUE">0</atprecis><attscale Sync="TRUE">0</attscale><attrdef Sync="TRUE">Feature geometry.</attrdef><attrdefs Sync="TRUE">Esri</attrdefs><attrdomv><udom Sync="TRUE">Coordinates defining the features.</udom></attrdomv></attr><attr><attrlabl Sync="TRUE">R_CLIM</attrlabl><attalias Sync="TRUE">R_CLIM</attalias><attrtype Sync="TRUE">Integer</attrtype><attwidth Sync="TRUE">5</attwidth><atprecis Sync="TRUE">5</atprecis><attscale Sync="TRUE">0</attscale></attr><attr><attrlabl Sync="TRUE">NR_CLIM</attrlabl><attalias Sync="TRUE">NR_CLIM</attalias><attrtype Sync="TRUE">String</attrtype><attwidth Sync="TRUE">25</attwidth><atprecis Sync="TRUE">0</atprecis><attscale Sync="TRUE">0</attscale></attr><attr><attrlabl Sync="TRUE">INICIO</attrlabl><attalias Sync="TRUE">INICIO</attalias><attrtype Sync="TRUE">Integer</attrtype><attwidth Sync="TRUE">5</attwidth><atprecis Sync="TRUE">5</atprecis><attscale Sync="TRUE">0</attscale></attr><attr><attrlabl Sync="TRUE">FIN</attrlabl><attalias Sync="TRUE">FIN</attalias><attrtype Sync="TRUE">Integer</attrtype><attwidth Sync="TRUE">5</attwidth><atprecis Sync="TRUE">5</atprecis><attscale Sync="TRUE">0</attscale></attr><attr><attrlabl Sync="TRUE">AÑOS_REG</attrlabl><attalias Sync="TRUE">AÑOS_REG</attalias><attrtype Sync="TRUE">Integer</attrtype><attwidth Sync="TRUE">5</attwidth><atprecis Sync="TRUE">5</atprecis><attscale Sync="TRUE">0</attscale></attr><attr><attrlabl Sync="TRUE">AÑOS</attrlabl><attalias Sync="TRUE">AÑOS</attalias><attrtype Sync="TRUE">Integer</attrtype><attwidth Sync="TRUE">5</attwidth><atprecis Sync="TRUE">5</atprecis><attscale Sync="TRUE">0</attscale></attr><attr><attrlabl Sync="TRUE">SU25_P</attrlabl><attalias Sync="TRUE">SU25_P</attalias><attrtype Sync="TRUE">Single</attrtype><attwidth Sync="TRUE">13</attwidth><atprecis Sync="TRUE">0</atprecis><attscale Sync="TRUE">0</attscale></attr><attr><attrlabl Sync="TRUE">C_V</attrlabl><attalias Sync="TRUE">C_V</attalias><attrtype Sync="TRUE">Single</attrtype><attwidth Sync="TRUE">13</attwidth><atprecis Sync="TRUE">0</atprecis><attscale Sync="TRUE">0</attscale></attr><attr><attrlabl Sync="TRUE">TEND_L</attrlabl><attalias Sync="TRUE">TEND_L</attalias><attrtype Sync="TRUE">Single</attrtype><attwidth Sync="TRUE">13</attwidth><atprecis Sync="TRUE">0</atprecis><attscale Sync="TRUE">0</attscale></attr><attr><attrlabl Sync="TRUE">P_VAL</attrlabl><attalias Sync="TRUE">P_VAL</attalias><attrtype Sync="TRUE">Single</attrtype><attwidth Sync="TRUE">13</attwidth><atprecis Sync="TRUE">0</atprecis><attscale Sync="TRUE">0</attscale></attr><attr><attrlabl Sync="TRUE">DESV_EST</attrlabl><attalias Sync="TRUE">DESV_EST</attalias><attrtype Sync="TRUE">Single</attrtype><attwidth Sync="TRUE">13</attwidth><atprecis Sync="TRUE">0</atprecis><attscale Sync="TRUE">0</attscale></attr><attr><attrlabl Sync="TRUE">T_CRIT</attrlabl><attalias Sync="TRUE">T_CRIT</attalias><attrtype Sync="TRUE">Single</attrtype><attwidth Sync="TRUE">13</attwidth><atprecis Sync="TRUE">0</atprecis><attscale Sync="TRUE">0</attscale></attr><attr><attrlabl Sync="TRUE">VAR_PER</attrlabl><attalias Sync="TRUE">VAR_PER</attalias><attrtype Sync="TRUE">Single</attrtype><attwidth Sync="TRUE">13</attwidth><atprecis Sync="TRUE">0</atprecis><attscale Sync="TRUE">0</attscale></attr><attr><attrlabl Sync="TRUE">SIG_EST</attrlabl><attalias Sync="TRUE">SIG_EST</attalias><attrtype Sync="TRUE">Integer</attrtype><attwidth Sync="TRUE">5</attwidth><atprecis Sync="TRUE">5</atprecis><attscale Sync="TRUE">0</attscale></attr><attr><attrlabl Sync="TRUE">Cal_pos</attrlabl><attalias Sync="TRUE">Cal_pos</attalias><attrtype Sync="TRUE">String</attrtype><attwidth Sync="TRUE">10</attwidth><atprecis Sync="TRUE">0</atprecis><attscale Sync="TRUE">0</attscale></attr><attr><attrlabl Sync="TRUE">Shape_Leng</attrlabl><attalias Sync="TRUE">Shape_Leng</attalias><attrtype Sync="TRUE">Double</attrtype><attwidth Sync="TRUE">19</attwidth><atprecis Sync="TRUE">0</atprecis><attscale Sync="TRUE">0</attscale></attr><attr><attrlabl Sync="TRUE">Shape_Area</attrlabl><attalias Sync="TRUE">Shape_Area</attalias><attrtype Sync="TRUE">Double</attrtype><attwidth Sync="TRUE">19</attwidth><atprecis Sync="TRUE">0</atprecis><attscale Sync="TRUE">0</attscale><attrdef Sync="TRUE">Area of feature in internal units squared.</attrdef><attrdefs Sync="TRUE">Esri</attrdefs><attrdomv><udom Sync="TRUE">Positive real numbers that are automatically generated.</udom></attrdomv></attr></detailed></eainfo><mdDateSt Sync="TRUE">20210601</mdDateSt></metadata>
