<metadata xml:lang="es"><Esri><CreaDate>20210413</CreaDate><CreaTime>09540000</CreaTime><ArcGISFormat>1.0</ArcGISFormat><ArcGISstyle>FGDC CSDGM Metadata</ArcGISstyle><SyncOnce>FALSE</SyncOnce><DataProperties><lineage><Process ToolSource="c:\program files (x86)\arcgis\desktop10.8\ArcToolbox\Toolboxes\Data Management Tools.tbx\CreateFeatureclass" Date="20210413" Time="095400">CreateFeatureclass D:\HOME_OFFICE\Validacion_Climas_muestras\Validacion_INDICE_ESTREMOS_CLIMATICOS\GDB_Indices_extremos.gdb\Datos_Regiones_Dataset_ITRF2008 tendencia_regional_r25mm POLYGON 'D:\HOME_OFFICE\Validacion_Climas_muestras\Validacion_INDICE_ESTREMOS_CLIMATICOS\DATOS REGIONALES\2 TENDENCIAS\Anuales\tendencia_regional_r25mm_ITRF08.shp' DISABLED DISABLED "{B286C06B-0879-11D2-AACA-00C04FA33C20};-450359962737.05 -450359962737.05 10000;#;#;0.001;#;#;IsHighPrecision" # 0 0 0</Process><Process ToolSource="c:\program files (x86)\arcgis\desktop10.8\ArcToolbox\Toolboxes\Data Management Tools.tbx\AssignDomainToField" Date="20210420" Time="163213">AssignDomainToField D:\HOME_OFFICE\Validacion_Climas_muestras\Validacion_INDICE_ESTREMOS_CLIMATICOS\GDB_Indices_extremos.gdb\Datos_Regiones_Dataset_ITRF2008\tendencia_regional_r25mm INICIO INICIO #</Process><Process ToolSource="c:\program files (x86)\arcgis\desktop10.8\ArcToolbox\Toolboxes\Data Management Tools.tbx\AssignDomainToField" Date="20210420" Time="163217">AssignDomainToField D:\HOME_OFFICE\Validacion_Climas_muestras\Validacion_INDICE_ESTREMOS_CLIMATICOS\GDB_Indices_extremos.gdb\Datos_Regiones_Dataset_ITRF2008\tendencia_regional_r25mm FIN FIN #</Process><Process ToolSource="c:\program files (x86)\arcgis\desktop10.8\ArcToolbox\Toolboxes\Data Management Tools.tbx\AssignDomainToField" Date="20210420" Time="163221">AssignDomainToField D:\HOME_OFFICE\Validacion_Climas_muestras\Validacion_INDICE_ESTREMOS_CLIMATICOS\GDB_Indices_extremos.gdb\Datos_Regiones_Dataset_ITRF2008\tendencia_regional_r25mm R25MM_P R25MM_P #</Process><Process ToolSource="c:\program files (x86)\arcgis\desktop10.8\ArcToolbox\Toolboxes\Data Management Tools.tbx\AssignDomainToField" Date="20210420" Time="163225">AssignDomainToField D:\HOME_OFFICE\Validacion_Climas_muestras\Validacion_INDICE_ESTREMOS_CLIMATICOS\GDB_Indices_extremos.gdb\Datos_Regiones_Dataset_ITRF2008\tendencia_regional_r25mm C_V C_V #</Process><Process ToolSource="c:\program files (x86)\arcgis\desktop10.8\ArcToolbox\Toolboxes\Data Management Tools.tbx\AssignDomainToField" Date="20210420" Time="163229">AssignDomainToField D:\HOME_OFFICE\Validacion_Climas_muestras\Validacion_INDICE_ESTREMOS_CLIMATICOS\GDB_Indices_extremos.gdb\Datos_Regiones_Dataset_ITRF2008\tendencia_regional_r25mm TEND_L TEND_L #</Process><Process ToolSource="c:\program files (x86)\arcgis\desktop10.8\ArcToolbox\Toolboxes\Data Management Tools.tbx\AssignDomainToField" Date="20210420" Time="163233">AssignDomainToField D:\HOME_OFFICE\Validacion_Climas_muestras\Validacion_INDICE_ESTREMOS_CLIMATICOS\GDB_Indices_extremos.gdb\Datos_Regiones_Dataset_ITRF2008\tendencia_regional_r25mm P_VAL P_VAL #</Process><Process ToolSource="c:\program files (x86)\arcgis\desktop10.8\ArcToolbox\Toolboxes\Data Management Tools.tbx\AssignDomainToField" Date="20210420" Time="163238">AssignDomainToField D:\HOME_OFFICE\Validacion_Climas_muestras\Validacion_INDICE_ESTREMOS_CLIMATICOS\GDB_Indices_extremos.gdb\Datos_Regiones_Dataset_ITRF2008\tendencia_regional_r25mm DESV_EST DESV_EST #</Process><Process ToolSource="c:\program files (x86)\arcgis\desktop10.8\ArcToolbox\Toolboxes\Data Management Tools.tbx\AssignDomainToField" Date="20210420" Time="163242">AssignDomainToField D:\HOME_OFFICE\Validacion_Climas_muestras\Validacion_INDICE_ESTREMOS_CLIMATICOS\GDB_Indices_extremos.gdb\Datos_Regiones_Dataset_ITRF2008\tendencia_regional_r25mm N_T_CRIT N_T_CRIT #</Process><Process ToolSource="c:\program files (x86)\arcgis\desktop10.8\ArcToolbox\Toolboxes\Data Management Tools.tbx\AssignDomainToField" Date="20210420" Time="163246">AssignDomainToField D:\HOME_OFFICE\Validacion_Climas_muestras\Validacion_INDICE_ESTREMOS_CLIMATICOS\GDB_Indices_extremos.gdb\Datos_Regiones_Dataset_ITRF2008\tendencia_regional_r25mm VAR_PER VAR_PER #</Process><Process ToolSource="c:\program files (x86)\arcgis\desktop10.8\ArcToolbox\Toolboxes\Data Management Tools.tbx\AssignDomainToField" Date="20210420" Time="163250">AssignDomainToField D:\HOME_OFFICE\Validacion_Climas_muestras\Validacion_INDICE_ESTREMOS_CLIMATICOS\GDB_Indices_extremos.gdb\Datos_Regiones_Dataset_ITRF2008\tendencia_regional_r25mm SIG_EST SIG_EST #</Process><Process ToolSource="c:\program files (x86)\arcgis\desktop10.8\ArcToolbox\Toolboxes\Data Management Tools.tbx\AssignDomainToField" Date="20210420" Time="163254">AssignDomainToField D:\HOME_OFFICE\Validacion_Climas_muestras\Validacion_INDICE_ESTREMOS_CLIMATICOS\GDB_Indices_extremos.gdb\Datos_Regiones_Dataset_ITRF2008\tendencia_regional_r25mm Cal_pos Cal_pos #</Process><Process ToolSource="c:\program files (x86)\arcgis\desktop10.8\ArcToolbox\Toolboxes\Data Management Tools.tbx\AssignDomainToField" Date="20210420" Time="163300">AssignDomainToField D:\HOME_OFFICE\Validacion_Climas_muestras\Validacion_INDICE_ESTREMOS_CLIMATICOS\GDB_Indices_extremos.gdb\Datos_Regiones_Dataset_ITRF2008\tendencia_regional_r25mm AÑOS_REG AÑOS_REG #</Process><Process ToolSource="c:\program files (x86)\arcgis\desktop10.8\ArcToolbox\Toolboxes\Data Management Tools.tbx\AssignDomainToField" Date="20210420" Time="163305">AssignDomainToField D:\HOME_OFFICE\Validacion_Climas_muestras\Validacion_INDICE_ESTREMOS_CLIMATICOS\GDB_Indices_extremos.gdb\Datos_Regiones_Dataset_ITRF2008\tendencia_regional_r25mm AÑOS AÑOS_CCD_MEN_PROM #</Process><Process ToolSource="c:\program files (x86)\arcgis\desktop10.8\ArcToolbox\Toolboxes\Data Management Tools.tbx\AssignDomainToField" Date="20210421" Time="105907">AssignDomainToField D:\HOME_OFFICE\Validacion_Climas_muestras\Validacion_INDICE_ESTREMOS_CLIMATICOS\GDB_Indices_extremos.gdb\Datos_Regiones_Dataset_ITRF2008\tendencia_regional_r25mm INICIO INICIO #</Process><Process ToolSource="c:\program files (x86)\arcgis\desktop10.8\ArcToolbox\Toolboxes\Data Management Tools.tbx\AssignDomainToField" Date="20210421" Time="105910">AssignDomainToField D:\HOME_OFFICE\Validacion_Climas_muestras\Validacion_INDICE_ESTREMOS_CLIMATICOS\GDB_Indices_extremos.gdb\Datos_Regiones_Dataset_ITRF2008\tendencia_regional_r25mm FIN FIN #</Process><Process ToolSource="c:\program files (x86)\arcgis\desktop10.8\ArcToolbox\Toolboxes\Data Management Tools.tbx\AssignDomainToField" Date="20210421" Time="105913">AssignDomainToField D:\HOME_OFFICE\Validacion_Climas_muestras\Validacion_INDICE_ESTREMOS_CLIMATICOS\GDB_Indices_extremos.gdb\Datos_Regiones_Dataset_ITRF2008\tendencia_regional_r25mm R25MM_P R25MM_P #</Process><Process ToolSource="c:\program files (x86)\arcgis\desktop10.8\ArcToolbox\Toolboxes\Data Management Tools.tbx\AssignDomainToField" Date="20210421" Time="105915">AssignDomainToField D:\HOME_OFFICE\Validacion_Climas_muestras\Validacion_INDICE_ESTREMOS_CLIMATICOS\GDB_Indices_extremos.gdb\Datos_Regiones_Dataset_ITRF2008\tendencia_regional_r25mm C_V C_V #</Process><Process ToolSource="c:\program files (x86)\arcgis\desktop10.8\ArcToolbox\Toolboxes\Data Management Tools.tbx\AssignDomainToField" Date="20210421" Time="105918">AssignDomainToField D:\HOME_OFFICE\Validacion_Climas_muestras\Validacion_INDICE_ESTREMOS_CLIMATICOS\GDB_Indices_extremos.gdb\Datos_Regiones_Dataset_ITRF2008\tendencia_regional_r25mm TEND_L TEND_L #</Process><Process ToolSource="c:\program files (x86)\arcgis\desktop10.8\ArcToolbox\Toolboxes\Data Management Tools.tbx\AssignDomainToField" Date="20210421" Time="105921">AssignDomainToField D:\HOME_OFFICE\Validacion_Climas_muestras\Validacion_INDICE_ESTREMOS_CLIMATICOS\GDB_Indices_extremos.gdb\Datos_Regiones_Dataset_ITRF2008\tendencia_regional_r25mm P_VAL P_VAL #</Process><Process ToolSource="c:\program files (x86)\arcgis\desktop10.8\ArcToolbox\Toolboxes\Data Management Tools.tbx\AssignDomainToField" Date="20210421" Time="105923">AssignDomainToField D:\HOME_OFFICE\Validacion_Climas_muestras\Validacion_INDICE_ESTREMOS_CLIMATICOS\GDB_Indices_extremos.gdb\Datos_Regiones_Dataset_ITRF2008\tendencia_regional_r25mm DESV_EST DESV_EST #</Process><Process ToolSource="c:\program files (x86)\arcgis\desktop10.8\ArcToolbox\Toolboxes\Data Management Tools.tbx\AssignDomainToField" Date="20210421" Time="105926">AssignDomainToField D:\HOME_OFFICE\Validacion_Climas_muestras\Validacion_INDICE_ESTREMOS_CLIMATICOS\GDB_Indices_extremos.gdb\Datos_Regiones_Dataset_ITRF2008\tendencia_regional_r25mm N_T_CRIT N_T_CRIT #</Process><Process ToolSource="c:\program files (x86)\arcgis\desktop10.8\ArcToolbox\Toolboxes\Data Management Tools.tbx\AssignDomainToField" Date="20210421" Time="105928">AssignDomainToField D:\HOME_OFFICE\Validacion_Climas_muestras\Validacion_INDICE_ESTREMOS_CLIMATICOS\GDB_Indices_extremos.gdb\Datos_Regiones_Dataset_ITRF2008\tendencia_regional_r25mm VAR_PER VAR_PER #</Process><Process ToolSource="c:\program files (x86)\arcgis\desktop10.8\ArcToolbox\Toolboxes\Data Management Tools.tbx\AssignDomainToField" Date="20210421" Time="105931">AssignDomainToField D:\HOME_OFFICE\Validacion_Climas_muestras\Validacion_INDICE_ESTREMOS_CLIMATICOS\GDB_Indices_extremos.gdb\Datos_Regiones_Dataset_ITRF2008\tendencia_regional_r25mm SIG_EST SIG_EST #</Process><Process ToolSource="c:\program files (x86)\arcgis\desktop10.8\ArcToolbox\Toolboxes\Data Management Tools.tbx\AssignDomainToField" Date="20210421" Time="105933">AssignDomainToField D:\HOME_OFFICE\Validacion_Climas_muestras\Validacion_INDICE_ESTREMOS_CLIMATICOS\GDB_Indices_extremos.gdb\Datos_Regiones_Dataset_ITRF2008\tendencia_regional_r25mm Cal_pos Cal_pos #</Process><Process ToolSource="c:\program files (x86)\arcgis\desktop10.8\ArcToolbox\Toolboxes\Data Management Tools.tbx\AssignDomainToField" Date="20210421" Time="105937">AssignDomainToField D:\HOME_OFFICE\Validacion_Climas_muestras\Validacion_INDICE_ESTREMOS_CLIMATICOS\GDB_Indices_extremos.gdb\Datos_Regiones_Dataset_ITRF2008\tendencia_regional_r25mm AÑOS_REG AÑOS_REG #</Process><Process ToolSource="c:\program files (x86)\arcgis\desktop10.8\ArcToolbox\Toolboxes\Data Management Tools.tbx\AssignDomainToField" Date="20210421" Time="105939">AssignDomainToField D:\HOME_OFFICE\Validacion_Climas_muestras\Validacion_INDICE_ESTREMOS_CLIMATICOS\GDB_Indices_extremos.gdb\Datos_Regiones_Dataset_ITRF2008\tendencia_regional_r25mm AÑOS AÑOS_CCD_MEN_PROM #</Process><Process ToolSource="c:\program files (x86)\arcgis\desktop10.8\ArcToolbox\Toolboxes\Data Management Tools.tbx\AssignDomainToField" Date="20210421" Time="192416">AssignDomainToField D:\HOME_OFFICE\Validacion_Climas_muestras\Validacion_INDICE_ESTREMOS_CLIMATICOS\GDB_Indices_extremos.gdb\Datos_Regiones_Dataset_ITRF2008\tendencia_regional_r25mm INICIO INICIO #</Process><Process ToolSource="c:\program files (x86)\arcgis\desktop10.8\ArcToolbox\Toolboxes\Data Management Tools.tbx\AssignDomainToField" Date="20210421" Time="192420">AssignDomainToField D:\HOME_OFFICE\Validacion_Climas_muestras\Validacion_INDICE_ESTREMOS_CLIMATICOS\GDB_Indices_extremos.gdb\Datos_Regiones_Dataset_ITRF2008\tendencia_regional_r25mm FIN FIN #</Process><Process ToolSource="c:\program files (x86)\arcgis\desktop10.8\ArcToolbox\Toolboxes\Data Management Tools.tbx\AssignDomainToField" Date="20210421" Time="192424">AssignDomainToField D:\HOME_OFFICE\Validacion_Climas_muestras\Validacion_INDICE_ESTREMOS_CLIMATICOS\GDB_Indices_extremos.gdb\Datos_Regiones_Dataset_ITRF2008\tendencia_regional_r25mm R25MM_P R25MM_P #</Process><Process ToolSource="c:\program files (x86)\arcgis\desktop10.8\ArcToolbox\Toolboxes\Data Management Tools.tbx\AssignDomainToField" Date="20210421" Time="192428">AssignDomainToField D:\HOME_OFFICE\Validacion_Climas_muestras\Validacion_INDICE_ESTREMOS_CLIMATICOS\GDB_Indices_extremos.gdb\Datos_Regiones_Dataset_ITRF2008\tendencia_regional_r25mm C_V C_V #</Process><Process ToolSource="c:\program files (x86)\arcgis\desktop10.8\ArcToolbox\Toolboxes\Data Management Tools.tbx\AssignDomainToField" Date="20210421" Time="192432">AssignDomainToField D:\HOME_OFFICE\Validacion_Climas_muestras\Validacion_INDICE_ESTREMOS_CLIMATICOS\GDB_Indices_extremos.gdb\Datos_Regiones_Dataset_ITRF2008\tendencia_regional_r25mm TEND_L TEND_L #</Process><Process ToolSource="c:\program files (x86)\arcgis\desktop10.8\ArcToolbox\Toolboxes\Data Management Tools.tbx\AssignDomainToField" Date="20210421" Time="192436">AssignDomainToField D:\HOME_OFFICE\Validacion_Climas_muestras\Validacion_INDICE_ESTREMOS_CLIMATICOS\GDB_Indices_extremos.gdb\Datos_Regiones_Dataset_ITRF2008\tendencia_regional_r25mm P_VAL P_VAL #</Process><Process ToolSource="c:\program files (x86)\arcgis\desktop10.8\ArcToolbox\Toolboxes\Data Management Tools.tbx\AssignDomainToField" Date="20210421" Time="192440">AssignDomainToField D:\HOME_OFFICE\Validacion_Climas_muestras\Validacion_INDICE_ESTREMOS_CLIMATICOS\GDB_Indices_extremos.gdb\Datos_Regiones_Dataset_ITRF2008\tendencia_regional_r25mm DESV_EST DESV_EST #</Process><Process ToolSource="c:\program files (x86)\arcgis\desktop10.8\ArcToolbox\Toolboxes\Data Management Tools.tbx\AssignDomainToField" Date="20210421" Time="192443">AssignDomainToField D:\HOME_OFFICE\Validacion_Climas_muestras\Validacion_INDICE_ESTREMOS_CLIMATICOS\GDB_Indices_extremos.gdb\Datos_Regiones_Dataset_ITRF2008\tendencia_regional_r25mm N_T_CRIT N_T_CRIT #</Process><Process ToolSource="c:\program files (x86)\arcgis\desktop10.8\ArcToolbox\Toolboxes\Data Management Tools.tbx\AssignDomainToField" Date="20210421" Time="192447">AssignDomainToField D:\HOME_OFFICE\Validacion_Climas_muestras\Validacion_INDICE_ESTREMOS_CLIMATICOS\GDB_Indices_extremos.gdb\Datos_Regiones_Dataset_ITRF2008\tendencia_regional_r25mm VAR_PER VAR_PER #</Process><Process ToolSource="c:\program files (x86)\arcgis\desktop10.8\ArcToolbox\Toolboxes\Data Management Tools.tbx\AssignDomainToField" Date="20210421" Time="192451">AssignDomainToField D:\HOME_OFFICE\Validacion_Climas_muestras\Validacion_INDICE_ESTREMOS_CLIMATICOS\GDB_Indices_extremos.gdb\Datos_Regiones_Dataset_ITRF2008\tendencia_regional_r25mm SIG_EST SIG_EST #</Process><Process ToolSource="c:\program files (x86)\arcgis\desktop10.8\ArcToolbox\Toolboxes\Data Management Tools.tbx\AssignDomainToField" Date="20210421" Time="192455">AssignDomainToField D:\HOME_OFFICE\Validacion_Climas_muestras\Validacion_INDICE_ESTREMOS_CLIMATICOS\GDB_Indices_extremos.gdb\Datos_Regiones_Dataset_ITRF2008\tendencia_regional_r25mm Cal_pos Cal_pos #</Process><Process ToolSource="c:\program files (x86)\arcgis\desktop10.8\ArcToolbox\Toolboxes\Data Management Tools.tbx\AssignDomainToField" Date="20210421" Time="192502">AssignDomainToField D:\HOME_OFFICE\Validacion_Climas_muestras\Validacion_INDICE_ESTREMOS_CLIMATICOS\GDB_Indices_extremos.gdb\Datos_Regiones_Dataset_ITRF2008\tendencia_regional_r25mm AÑOS_REG AÑOS_REG #</Process><Process ToolSource="c:\program files (x86)\arcgis\desktop10.8\ArcToolbox\Toolboxes\Data Management Tools.tbx\AssignDomainToField" Date="20210421" Time="192506">AssignDomainToField D:\HOME_OFFICE\Validacion_Climas_muestras\Validacion_INDICE_ESTREMOS_CLIMATICOS\GDB_Indices_extremos.gdb\Datos_Regiones_Dataset_ITRF2008\tendencia_regional_r25mm AÑOS AÑOS_CCD_MEN_PROM #</Process><Process ToolSource="c:\program files (x86)\arcgis\desktop10.8\ArcToolbox\Toolboxes\Data Management Tools.tbx\AssignDomainToField" Date="20210421" Time="205913">AssignDomainToField D:\HOME_OFFICE\Validacion_Climas_muestras\Validacion_INDICE_ESTREMOS_CLIMATICOS\GDB_Indices_extremos.gdb\Datos_Regiones_Dataset_ITRF2008\tendencia_regional_r25mm INICIO INICIO #</Process><Process ToolSource="c:\program files (x86)\arcgis\desktop10.8\ArcToolbox\Toolboxes\Data Management Tools.tbx\AssignDomainToField" Date="20210421" Time="205915">AssignDomainToField D:\HOME_OFFICE\Validacion_Climas_muestras\Validacion_INDICE_ESTREMOS_CLIMATICOS\GDB_Indices_extremos.gdb\Datos_Regiones_Dataset_ITRF2008\tendencia_regional_r25mm FIN FIN #</Process><Process ToolSource="c:\program files (x86)\arcgis\desktop10.8\ArcToolbox\Toolboxes\Data Management Tools.tbx\AssignDomainToField" Date="20210421" Time="205917">AssignDomainToField D:\HOME_OFFICE\Validacion_Climas_muestras\Validacion_INDICE_ESTREMOS_CLIMATICOS\GDB_Indices_extremos.gdb\Datos_Regiones_Dataset_ITRF2008\tendencia_regional_r25mm R25MM_P R25MM_P #</Process><Process ToolSource="c:\program files (x86)\arcgis\desktop10.8\ArcToolbox\Toolboxes\Data Management Tools.tbx\AssignDomainToField" Date="20210421" Time="205919">AssignDomainToField D:\HOME_OFFICE\Validacion_Climas_muestras\Validacion_INDICE_ESTREMOS_CLIMATICOS\GDB_Indices_extremos.gdb\Datos_Regiones_Dataset_ITRF2008\tendencia_regional_r25mm C_V C_V #</Process><Process ToolSource="c:\program files (x86)\arcgis\desktop10.8\ArcToolbox\Toolboxes\Data Management Tools.tbx\AssignDomainToField" Date="20210421" Time="205921">AssignDomainToField D:\HOME_OFFICE\Validacion_Climas_muestras\Validacion_INDICE_ESTREMOS_CLIMATICOS\GDB_Indices_extremos.gdb\Datos_Regiones_Dataset_ITRF2008\tendencia_regional_r25mm TEND_L TEND_L #</Process><Process ToolSource="c:\program files (x86)\arcgis\desktop10.8\ArcToolbox\Toolboxes\Data Management Tools.tbx\AssignDomainToField" Date="20210421" Time="205924">AssignDomainToField D:\HOME_OFFICE\Validacion_Climas_muestras\Validacion_INDICE_ESTREMOS_CLIMATICOS\GDB_Indices_extremos.gdb\Datos_Regiones_Dataset_ITRF2008\tendencia_regional_r25mm P_VAL P_VAL #</Process><Process ToolSource="c:\program files (x86)\arcgis\desktop10.8\ArcToolbox\Toolboxes\Data Management Tools.tbx\AssignDomainToField" Date="20210421" Time="205926">AssignDomainToField D:\HOME_OFFICE\Validacion_Climas_muestras\Validacion_INDICE_ESTREMOS_CLIMATICOS\GDB_Indices_extremos.gdb\Datos_Regiones_Dataset_ITRF2008\tendencia_regional_r25mm DESV_EST DESV_EST #</Process><Process ToolSource="c:\program files (x86)\arcgis\desktop10.8\ArcToolbox\Toolboxes\Data Management Tools.tbx\AssignDomainToField" Date="20210421" Time="205928">AssignDomainToField D:\HOME_OFFICE\Validacion_Climas_muestras\Validacion_INDICE_ESTREMOS_CLIMATICOS\GDB_Indices_extremos.gdb\Datos_Regiones_Dataset_ITRF2008\tendencia_regional_r25mm N_T_CRIT N_T_CRIT #</Process><Process ToolSource="c:\program files (x86)\arcgis\desktop10.8\ArcToolbox\Toolboxes\Data Management Tools.tbx\AssignDomainToField" Date="20210421" Time="205930">AssignDomainToField D:\HOME_OFFICE\Validacion_Climas_muestras\Validacion_INDICE_ESTREMOS_CLIMATICOS\GDB_Indices_extremos.gdb\Datos_Regiones_Dataset_ITRF2008\tendencia_regional_r25mm VAR_PER VAR_PER #</Process><Process ToolSource="c:\program files (x86)\arcgis\desktop10.8\ArcToolbox\Toolboxes\Data Management Tools.tbx\AssignDomainToField" Date="20210421" Time="205932">AssignDomainToField D:\HOME_OFFICE\Validacion_Climas_muestras\Validacion_INDICE_ESTREMOS_CLIMATICOS\GDB_Indices_extremos.gdb\Datos_Regiones_Dataset_ITRF2008\tendencia_regional_r25mm SIG_EST SIG_EST #</Process><Process ToolSource="c:\program files (x86)\arcgis\desktop10.8\ArcToolbox\Toolboxes\Data Management Tools.tbx\AssignDomainToField" Date="20210421" Time="205934">AssignDomainToField D:\HOME_OFFICE\Validacion_Climas_muestras\Validacion_INDICE_ESTREMOS_CLIMATICOS\GDB_Indices_extremos.gdb\Datos_Regiones_Dataset_ITRF2008\tendencia_regional_r25mm Cal_pos Cal_pos #</Process><Process ToolSource="c:\program files (x86)\arcgis\desktop10.8\ArcToolbox\Toolboxes\Data Management Tools.tbx\AssignDomainToField" Date="20210421" Time="205938">AssignDomainToField D:\HOME_OFFICE\Validacion_Climas_muestras\Validacion_INDICE_ESTREMOS_CLIMATICOS\GDB_Indices_extremos.gdb\Datos_Regiones_Dataset_ITRF2008\tendencia_regional_r25mm AÑOS_REG AÑOS_REG #</Process><Process ToolSource="c:\program files (x86)\arcgis\desktop10.8\ArcToolbox\Toolboxes\Data Management Tools.tbx\AssignDomainToField" Date="20210421" Time="205940">AssignDomainToField D:\HOME_OFFICE\Validacion_Climas_muestras\Validacion_INDICE_ESTREMOS_CLIMATICOS\GDB_Indices_extremos.gdb\Datos_Regiones_Dataset_ITRF2008\tendencia_regional_r25mm AÑOS AÑOS_CCD_MEN_PROM #</Process><Process ToolSource="c:\program files (x86)\arcgis\desktop10.8\ArcToolbox\Toolboxes\Data Management Tools.tbx\AssignDomainToField" Date="20210421" Time="220928">AssignDomainToField D:\HOME_OFFICE\Validacion_Climas_muestras\Validacion_INDICE_ESTREMOS_CLIMATICOS\GDB_Indices_extremos.gdb\Datos_Regiones_Dataset_ITRF2008\tendencia_regional_r25mm AÑOS_REG AÑOS_REG #</Process><Process ToolSource="c:\program files (x86)\arcgis\desktop10.8\ArcToolbox\Toolboxes\Data Management Tools.tbx\AssignDomainToField" Date="20210421" Time="220931">AssignDomainToField D:\HOME_OFFICE\Validacion_Climas_muestras\Validacion_INDICE_ESTREMOS_CLIMATICOS\GDB_Indices_extremos.gdb\Datos_Regiones_Dataset_ITRF2008\tendencia_regional_r25mm AÑOS AÑOS_CCD_MEN_PROM #</Process><Process ToolSource="c:\program files (x86)\arcgis\desktop10.8\ArcToolbox\Toolboxes\Data Management Tools.tbx\AssignDomainToField" Date="20210421" Time="220937">AssignDomainToField D:\HOME_OFFICE\Validacion_Climas_muestras\Validacion_INDICE_ESTREMOS_CLIMATICOS\GDB_Indices_extremos.gdb\Datos_Regiones_Dataset_ITRF2008\tendencia_regional_r25mm INICIO INICIO #</Process><Process ToolSource="c:\program files (x86)\arcgis\desktop10.8\ArcToolbox\Toolboxes\Data Management Tools.tbx\AssignDomainToField" Date="20210421" Time="220941">AssignDomainToField D:\HOME_OFFICE\Validacion_Climas_muestras\Validacion_INDICE_ESTREMOS_CLIMATICOS\GDB_Indices_extremos.gdb\Datos_Regiones_Dataset_ITRF2008\tendencia_regional_r25mm FIN FIN #</Process><Process ToolSource="c:\program files (x86)\arcgis\desktop10.8\ArcToolbox\Toolboxes\Data Management Tools.tbx\AssignDomainToField" Date="20210421" Time="220945">AssignDomainToField D:\HOME_OFFICE\Validacion_Climas_muestras\Validacion_INDICE_ESTREMOS_CLIMATICOS\GDB_Indices_extremos.gdb\Datos_Regiones_Dataset_ITRF2008\tendencia_regional_r25mm Cal_pos Cal_pos #</Process><Process ToolSource="c:\program files (x86)\arcgis\desktop10.8\ArcToolbox\Toolboxes\Data Management Tools.tbx\AssignDomainToField" Date="20210421" Time="221022">AssignDomainToField D:\HOME_OFFICE\Validacion_Climas_muestras\Validacion_INDICE_ESTREMOS_CLIMATICOS\GDB_Indices_extremos.gdb\Datos_Regiones_Dataset_ITRF2008\tendencia_regional_r25mm DESV_EST DESV_EST #</Process><Process ToolSource="c:\program files (x86)\arcgis\desktop10.8\ArcToolbox\Toolboxes\Data Management Tools.tbx\AssignDomainToField" Date="20210422" Time="085528">AssignDomainToField D:\HOME_OFFICE\Validacion_Climas_muestras\Validacion_INDICE_ESTREMOS_CLIMATICOS\GDB_Indices_extremos.gdb\Datos_Regiones_Dataset_ITRF2008\tendencia_regional_r25mm INICIO INICIO #</Process><Process ToolSource="c:\program files (x86)\arcgis\desktop10.8\ArcToolbox\Toolboxes\Data Management Tools.tbx\AssignDomainToField" Date="20210422" Time="085533">AssignDomainToField D:\HOME_OFFICE\Validacion_Climas_muestras\Validacion_INDICE_ESTREMOS_CLIMATICOS\GDB_Indices_extremos.gdb\Datos_Regiones_Dataset_ITRF2008\tendencia_regional_r25mm FIN FIN #</Process><Process ToolSource="c:\program files (x86)\arcgis\desktop10.8\ArcToolbox\Toolboxes\Data Management Tools.tbx\AssignDomainToField" Date="20210422" Time="085537">AssignDomainToField D:\HOME_OFFICE\Validacion_Climas_muestras\Validacion_INDICE_ESTREMOS_CLIMATICOS\GDB_Indices_extremos.gdb\Datos_Regiones_Dataset_ITRF2008\tendencia_regional_r25mm R25MM_P R25MM_P #</Process><Process ToolSource="c:\program files (x86)\arcgis\desktop10.8\ArcToolbox\Toolboxes\Data Management Tools.tbx\AssignDomainToField" Date="20210422" Time="085542">AssignDomainToField D:\HOME_OFFICE\Validacion_Climas_muestras\Validacion_INDICE_ESTREMOS_CLIMATICOS\GDB_Indices_extremos.gdb\Datos_Regiones_Dataset_ITRF2008\tendencia_regional_r25mm C_V C_V #</Process><Process ToolSource="c:\program files (x86)\arcgis\desktop10.8\ArcToolbox\Toolboxes\Data Management Tools.tbx\AssignDomainToField" Date="20210422" Time="085549">AssignDomainToField D:\HOME_OFFICE\Validacion_Climas_muestras\Validacion_INDICE_ESTREMOS_CLIMATICOS\GDB_Indices_extremos.gdb\Datos_Regiones_Dataset_ITRF2008\tendencia_regional_r25mm TEND_L TEND_L #</Process><Process ToolSource="c:\program files (x86)\arcgis\desktop10.8\ArcToolbox\Toolboxes\Data Management Tools.tbx\AssignDomainToField" Date="20210422" Time="085553">AssignDomainToField D:\HOME_OFFICE\Validacion_Climas_muestras\Validacion_INDICE_ESTREMOS_CLIMATICOS\GDB_Indices_extremos.gdb\Datos_Regiones_Dataset_ITRF2008\tendencia_regional_r25mm P_VAL P_VAL #</Process><Process ToolSource="c:\program files (x86)\arcgis\desktop10.8\ArcToolbox\Toolboxes\Data Management Tools.tbx\AssignDomainToField" Date="20210422" Time="085558">AssignDomainToField D:\HOME_OFFICE\Validacion_Climas_muestras\Validacion_INDICE_ESTREMOS_CLIMATICOS\GDB_Indices_extremos.gdb\Datos_Regiones_Dataset_ITRF2008\tendencia_regional_r25mm DESV_EST DESV_EST #</Process><Process ToolSource="c:\program files (x86)\arcgis\desktop10.8\ArcToolbox\Toolboxes\Data Management Tools.tbx\AssignDomainToField" Date="20210422" Time="085602">AssignDomainToField D:\HOME_OFFICE\Validacion_Climas_muestras\Validacion_INDICE_ESTREMOS_CLIMATICOS\GDB_Indices_extremos.gdb\Datos_Regiones_Dataset_ITRF2008\tendencia_regional_r25mm N_T_CRIT N_T_CRIT #</Process><Process ToolSource="c:\program files (x86)\arcgis\desktop10.8\ArcToolbox\Toolboxes\Data Management Tools.tbx\AssignDomainToField" Date="20210422" Time="085607">AssignDomainToField D:\HOME_OFFICE\Validacion_Climas_muestras\Validacion_INDICE_ESTREMOS_CLIMATICOS\GDB_Indices_extremos.gdb\Datos_Regiones_Dataset_ITRF2008\tendencia_regional_r25mm VAR_PER VAR_PER #</Process><Process ToolSource="c:\program files (x86)\arcgis\desktop10.8\ArcToolbox\Toolboxes\Data Management Tools.tbx\AssignDomainToField" Date="20210422" Time="085614">AssignDomainToField D:\HOME_OFFICE\Validacion_Climas_muestras\Validacion_INDICE_ESTREMOS_CLIMATICOS\GDB_Indices_extremos.gdb\Datos_Regiones_Dataset_ITRF2008\tendencia_regional_r25mm SIG_EST SIG_EST #</Process><Process ToolSource="c:\program files (x86)\arcgis\desktop10.8\ArcToolbox\Toolboxes\Data Management Tools.tbx\AssignDomainToField" Date="20210422" Time="085619">AssignDomainToField D:\HOME_OFFICE\Validacion_Climas_muestras\Validacion_INDICE_ESTREMOS_CLIMATICOS\GDB_Indices_extremos.gdb\Datos_Regiones_Dataset_ITRF2008\tendencia_regional_r25mm Cal_pos Cal_pos #</Process><Process ToolSource="c:\program files (x86)\arcgis\desktop10.8\ArcToolbox\Toolboxes\Data Management Tools.tbx\AssignDomainToField" Date="20210422" Time="085625">AssignDomainToField D:\HOME_OFFICE\Validacion_Climas_muestras\Validacion_INDICE_ESTREMOS_CLIMATICOS\GDB_Indices_extremos.gdb\Datos_Regiones_Dataset_ITRF2008\tendencia_regional_r25mm AÑOS_REG AÑOS_REG #</Process><Process ToolSource="c:\program files (x86)\arcgis\desktop10.8\ArcToolbox\Toolboxes\Data Management Tools.tbx\AssignDomainToField" Date="20210422" Time="085629">AssignDomainToField D:\HOME_OFFICE\Validacion_Climas_muestras\Validacion_INDICE_ESTREMOS_CLIMATICOS\GDB_Indices_extremos.gdb\Datos_Regiones_Dataset_ITRF2008\tendencia_regional_r25mm AÑOS AÑOS_CCD_MEN_PROM #</Process><Process ToolSource="c:\program files (x86)\arcgis\desktop10.8\ArcToolbox\Toolboxes\Data Management Tools.tbx\AssignDomainToField" Date="20210422" Time="102406">AssignDomainToField D:\HOME_OFFICE\Validacion_Climas_muestras\Validacion_INDICE_ESTREMOS_CLIMATICOS\GDB_Indices_extremos.gdb\Datos_Regiones_Dataset_ITRF2008\tendencia_regional_r25mm AÑOS_REG AÑOS_REG #</Process><Process ToolSource="c:\program files (x86)\arcgis\desktop10.8\ArcToolbox\Toolboxes\Data Management Tools.tbx\AssignDomainToField" Date="20210422" Time="102409">AssignDomainToField D:\HOME_OFFICE\Validacion_Climas_muestras\Validacion_INDICE_ESTREMOS_CLIMATICOS\GDB_Indices_extremos.gdb\Datos_Regiones_Dataset_ITRF2008\tendencia_regional_r25mm AÑOS AÑOS_CCD_MEN_PROM #</Process><Process ToolSource="c:\program files (x86)\arcgis\desktop10.8\ArcToolbox\Toolboxes\Data Management Tools.tbx\AssignDomainToField" Date="20210422" Time="102414">AssignDomainToField D:\HOME_OFFICE\Validacion_Climas_muestras\Validacion_INDICE_ESTREMOS_CLIMATICOS\GDB_Indices_extremos.gdb\Datos_Regiones_Dataset_ITRF2008\tendencia_regional_r25mm INICIO INICIO #</Process><Process ToolSource="c:\program files (x86)\arcgis\desktop10.8\ArcToolbox\Toolboxes\Data Management Tools.tbx\AssignDomainToField" Date="20210422" Time="102417">AssignDomainToField D:\HOME_OFFICE\Validacion_Climas_muestras\Validacion_INDICE_ESTREMOS_CLIMATICOS\GDB_Indices_extremos.gdb\Datos_Regiones_Dataset_ITRF2008\tendencia_regional_r25mm FIN FIN #</Process><Process ToolSource="c:\program files (x86)\arcgis\desktop10.8\ArcToolbox\Toolboxes\Data Management Tools.tbx\AssignDomainToField" Date="20210422" Time="102421">AssignDomainToField D:\HOME_OFFICE\Validacion_Climas_muestras\Validacion_INDICE_ESTREMOS_CLIMATICOS\GDB_Indices_extremos.gdb\Datos_Regiones_Dataset_ITRF2008\tendencia_regional_r25mm Cal_pos Cal_pos #</Process><Process ToolSource="c:\program files (x86)\arcgis\desktop10.8\ArcToolbox\Toolboxes\Data Management Tools.tbx\AssignDomainToField" Date="20210422" Time="102446">AssignDomainToField D:\HOME_OFFICE\Validacion_Climas_muestras\Validacion_INDICE_ESTREMOS_CLIMATICOS\GDB_Indices_extremos.gdb\Datos_Regiones_Dataset_ITRF2008\tendencia_regional_r25mm DESV_EST DESV_EST #</Process><Process ToolSource="c:\program files (x86)\arcgis\desktop10.8\ArcToolbox\Toolboxes\Data Management Tools.tbx\AssignDomainToField" Date="20210422" Time="175838">AssignDomainToField D:\HOME_OFFICE\Validacion_Climas_muestras\Validacion_INDICE_ESTREMOS_CLIMATICOS\GDB_Indices_extremos.gdb\Datos_Regiones_Dataset_ITRF2008\tendencia_regional_r25mm R_CLIM R_CLIM #</Process><Process ToolSource="c:\program files (x86)\arcgis\desktop10.8\ArcToolbox\Toolboxes\Data Management Tools.tbx\AssignDomainToField" Date="20210422" Time="175842">AssignDomainToField D:\HOME_OFFICE\Validacion_Climas_muestras\Validacion_INDICE_ESTREMOS_CLIMATICOS\GDB_Indices_extremos.gdb\Datos_Regiones_Dataset_ITRF2008\tendencia_regional_r25mm NR_CLIM N_R_CLIM #</Process><Process ToolSource="c:\program files (x86)\arcgis\desktop10.8\ArcToolbox\Toolboxes\Data Management Tools.tbx\AssignDomainToField" Date="20210422" Time="175845">AssignDomainToField D:\HOME_OFFICE\Validacion_Climas_muestras\Validacion_INDICE_ESTREMOS_CLIMATICOS\GDB_Indices_extremos.gdb\Datos_Regiones_Dataset_ITRF2008\tendencia_regional_r25mm INICIO INICIO #</Process><Process ToolSource="c:\program files (x86)\arcgis\desktop10.8\ArcToolbox\Toolboxes\Data Management Tools.tbx\AssignDomainToField" Date="20210422" Time="175849">AssignDomainToField D:\HOME_OFFICE\Validacion_Climas_muestras\Validacion_INDICE_ESTREMOS_CLIMATICOS\GDB_Indices_extremos.gdb\Datos_Regiones_Dataset_ITRF2008\tendencia_regional_r25mm FIN FIN #</Process><Process ToolSource="c:\program files (x86)\arcgis\desktop10.8\ArcToolbox\Toolboxes\Data Management Tools.tbx\AssignDomainToField" Date="20210422" Time="175853">AssignDomainToField D:\HOME_OFFICE\Validacion_Climas_muestras\Validacion_INDICE_ESTREMOS_CLIMATICOS\GDB_Indices_extremos.gdb\Datos_Regiones_Dataset_ITRF2008\tendencia_regional_r25mm R25MM_P R25MM_P #</Process><Process ToolSource="c:\program files (x86)\arcgis\desktop10.8\ArcToolbox\Toolboxes\Data Management Tools.tbx\AssignDomainToField" Date="20210422" Time="175857">AssignDomainToField D:\HOME_OFFICE\Validacion_Climas_muestras\Validacion_INDICE_ESTREMOS_CLIMATICOS\GDB_Indices_extremos.gdb\Datos_Regiones_Dataset_ITRF2008\tendencia_regional_r25mm C_V C_V #</Process><Process ToolSource="c:\program files (x86)\arcgis\desktop10.8\ArcToolbox\Toolboxes\Data Management Tools.tbx\AssignDomainToField" Date="20210422" Time="175901">AssignDomainToField D:\HOME_OFFICE\Validacion_Climas_muestras\Validacion_INDICE_ESTREMOS_CLIMATICOS\GDB_Indices_extremos.gdb\Datos_Regiones_Dataset_ITRF2008\tendencia_regional_r25mm TEND_L TEND_L #</Process><Process ToolSource="c:\program files (x86)\arcgis\desktop10.8\ArcToolbox\Toolboxes\Data Management Tools.tbx\AssignDomainToField" Date="20210422" Time="175905">AssignDomainToField D:\HOME_OFFICE\Validacion_Climas_muestras\Validacion_INDICE_ESTREMOS_CLIMATICOS\GDB_Indices_extremos.gdb\Datos_Regiones_Dataset_ITRF2008\tendencia_regional_r25mm P_VAL P_VAL #</Process><Process ToolSource="c:\program files (x86)\arcgis\desktop10.8\ArcToolbox\Toolboxes\Data Management Tools.tbx\AssignDomainToField" Date="20210422" Time="175909">AssignDomainToField D:\HOME_OFFICE\Validacion_Climas_muestras\Validacion_INDICE_ESTREMOS_CLIMATICOS\GDB_Indices_extremos.gdb\Datos_Regiones_Dataset_ITRF2008\tendencia_regional_r25mm DESV_EST DESV_EST #</Process><Process ToolSource="c:\program files (x86)\arcgis\desktop10.8\ArcToolbox\Toolboxes\Data Management Tools.tbx\AssignDomainToField" Date="20210422" Time="175913">AssignDomainToField D:\HOME_OFFICE\Validacion_Climas_muestras\Validacion_INDICE_ESTREMOS_CLIMATICOS\GDB_Indices_extremos.gdb\Datos_Regiones_Dataset_ITRF2008\tendencia_regional_r25mm N_T_CRIT N_T_CRIT #</Process><Process ToolSource="c:\program files (x86)\arcgis\desktop10.8\ArcToolbox\Toolboxes\Data Management Tools.tbx\AssignDomainToField" Date="20210422" Time="175917">AssignDomainToField D:\HOME_OFFICE\Validacion_Climas_muestras\Validacion_INDICE_ESTREMOS_CLIMATICOS\GDB_Indices_extremos.gdb\Datos_Regiones_Dataset_ITRF2008\tendencia_regional_r25mm VAR_PER VAR_PER #</Process><Process ToolSource="c:\program files (x86)\arcgis\desktop10.8\ArcToolbox\Toolboxes\Data Management Tools.tbx\AssignDomainToField" Date="20210422" Time="175922">AssignDomainToField D:\HOME_OFFICE\Validacion_Climas_muestras\Validacion_INDICE_ESTREMOS_CLIMATICOS\GDB_Indices_extremos.gdb\Datos_Regiones_Dataset_ITRF2008\tendencia_regional_r25mm SIG_EST SIG_EST #</Process><Process ToolSource="c:\program files (x86)\arcgis\desktop10.8\ArcToolbox\Toolboxes\Data Management Tools.tbx\AssignDomainToField" Date="20210422" Time="175926">AssignDomainToField D:\HOME_OFFICE\Validacion_Climas_muestras\Validacion_INDICE_ESTREMOS_CLIMATICOS\GDB_Indices_extremos.gdb\Datos_Regiones_Dataset_ITRF2008\tendencia_regional_r25mm Cal_pos Cal_pos #</Process><Process ToolSource="c:\program files (x86)\arcgis\desktop10.8\ArcToolbox\Toolboxes\Data Management Tools.tbx\AssignDomainToField" Date="20210422" Time="175933">AssignDomainToField D:\HOME_OFFICE\Validacion_Climas_muestras\Validacion_INDICE_ESTREMOS_CLIMATICOS\GDB_Indices_extremos.gdb\Datos_Regiones_Dataset_ITRF2008\tendencia_regional_r25mm AÑOS_REG AÑOS_REG #</Process><Process ToolSource="c:\program files (x86)\arcgis\desktop10.8\ArcToolbox\Toolboxes\Data Management Tools.tbx\AssignDomainToField" Date="20210422" Time="175936">AssignDomainToField D:\HOME_OFFICE\Validacion_Climas_muestras\Validacion_INDICE_ESTREMOS_CLIMATICOS\GDB_Indices_extremos.gdb\Datos_Regiones_Dataset_ITRF2008\tendencia_regional_r25mm AÑOS AÑOS_CCD_MEN_PROM #</Process><Process ToolSource="c:\program files (x86)\arcgis\desktop10.8\ArcToolbox\Toolboxes\Data Management Tools.tbx\AssignDomainToField" Date="20210422" Time="191133">AssignDomainToField D:\HOME_OFFICE\Validacion_Climas_muestras\Validacion_INDICE_ESTREMOS_CLIMATICOS\GDB_Indices_extremos.gdb\Datos_Regiones_Dataset_ITRF2008\tendencia_regional_r25mm AÑOS_REG AÑOS_REG #</Process><Process ToolSource="c:\program files (x86)\arcgis\desktop10.8\ArcToolbox\Toolboxes\Data Management Tools.tbx\AssignDomainToField" Date="20210422" Time="191137">AssignDomainToField D:\HOME_OFFICE\Validacion_Climas_muestras\Validacion_INDICE_ESTREMOS_CLIMATICOS\GDB_Indices_extremos.gdb\Datos_Regiones_Dataset_ITRF2008\tendencia_regional_r25mm AÑOS AÑOS_CCD_MEN_PROM #</Process><Process ToolSource="c:\program files (x86)\arcgis\desktop10.8\ArcToolbox\Toolboxes\Data Management Tools.tbx\AssignDomainToField" Date="20210422" Time="191142">AssignDomainToField D:\HOME_OFFICE\Validacion_Climas_muestras\Validacion_INDICE_ESTREMOS_CLIMATICOS\GDB_Indices_extremos.gdb\Datos_Regiones_Dataset_ITRF2008\tendencia_regional_r25mm INICIO INICIO #</Process><Process ToolSource="c:\program files (x86)\arcgis\desktop10.8\ArcToolbox\Toolboxes\Data Management Tools.tbx\AssignDomainToField" Date="20210422" Time="191145">AssignDomainToField D:\HOME_OFFICE\Validacion_Climas_muestras\Validacion_INDICE_ESTREMOS_CLIMATICOS\GDB_Indices_extremos.gdb\Datos_Regiones_Dataset_ITRF2008\tendencia_regional_r25mm FIN FIN #</Process><Process ToolSource="c:\program files (x86)\arcgis\desktop10.8\ArcToolbox\Toolboxes\Data Management Tools.tbx\AssignDomainToField" Date="20210422" Time="191148">AssignDomainToField D:\HOME_OFFICE\Validacion_Climas_muestras\Validacion_INDICE_ESTREMOS_CLIMATICOS\GDB_Indices_extremos.gdb\Datos_Regiones_Dataset_ITRF2008\tendencia_regional_r25mm Cal_pos Cal_pos #</Process><Process ToolSource="c:\program files (x86)\arcgis\desktop10.8\ArcToolbox\Toolboxes\Data Management Tools.tbx\AssignDomainToField" Date="20210422" Time="191215">AssignDomainToField D:\HOME_OFFICE\Validacion_Climas_muestras\Validacion_INDICE_ESTREMOS_CLIMATICOS\GDB_Indices_extremos.gdb\Datos_Regiones_Dataset_ITRF2008\tendencia_regional_r25mm DESV_EST DESV_EST #</Process><Process ToolSource="c:\program files (x86)\arcgis\desktop10.8\ArcToolbox\Toolboxes\Data Management Tools.tbx\Append" Date="20210430" Time="114932">Append 'D:\HOME_OFFICE\Validacion_Climas_muestras\Validacion_INDICE_ESTREMOS_CLIMATICOS\DATOS REGIONALES\Data_for_Load\tendencia_regional_r25mm_ITRF08.shp' D:\HOME_OFFICE\Validacion_Climas_muestras\Validacion_INDICE_ESTREMOS_CLIMATICOS\GDB_Indices_extremos.gdb\Datos_Regiones_Dataset_ITRF2008\tendencia_regional_r25mm TEST # #</Process><Process ToolSource="c:\program files (x86)\arcgis\desktop10.8\ArcToolbox\Toolboxes\Data Management Tools.tbx\RecalculateFeatureClassExtent" Date="20210506" Time="160747">RecalculateFeatureClassExtent D:\HOME_OFFICE\Validacion_Climas_muestras\Validacion_INDICE_ESTREMOS_CLIMATICOS\GDB_Indices_extremos.gdb\Datos_Regiones_Dataset_ITRF2008\tendencia_regional_r25mm</Process><Process ToolSource="c:\program files (x86)\arcgis\desktop10.8\ArcToolbox\Toolboxes\Data Management Tools.tbx\RecalculateFeatureClassExtent" Date="20210506" Time="170719">RecalculateFeatureClassExtent D:\HOME_OFFICE\Validacion_Climas_muestras\Validacion_INDICE_ESTREMOS_CLIMATICOS\GDB_Indices_extremos.gdb\Datos_Regiones_Dataset_ITRF2008\tendencia_regional_r25mm</Process><Process ToolSource="c:\program files (x86)\arcgis\desktop10.8\ArcToolbox\Toolboxes\Data Management Tools.tbx\Append" Date="20210510" Time="135849">Append 'D:\HOME_OFFICE\Validacion_Climas_muestras\Validacion_INDICE_ESTREMOS_CLIMATICOS\DATOS REGIONALES\Data_for_Load\tendencia_regional_r25mm_ITRF08.shp' D:\HOME_OFFICE\Validacion_Climas_muestras\Validacion_INDICE_ESTREMOS_CLIMATICOS\CARGA_FEATURES_2\Indices_Extresmos_2.gdb\Datos_Regiones_Dataset_ITRF2008\tendencia_regional_r25mm TEST # #</Process><Process ToolSource="c:\program files (x86)\arcgis\desktop10.8\ArcToolbox\Toolboxes\Data Management Tools.tbx\DeleteFeatures" Date="20210510" Time="161503">DeleteFeatures D:\HOME_OFFICE\Validacion_Climas_muestras\Validacion_INDICE_ESTREMOS_CLIMATICOS\CARGA_FEATURES_2\Indices_Extresmos_2.gdb\Datos_Regiones_Dataset_ITRF2008\tendencia_regional_r25mm</Process><Process ToolSource="c:\program files (x86)\arcgis\desktop10.8\ArcToolbox\Toolboxes\Data Management Tools.tbx\Append" Date="20210510" Time="164517">Append 'D:\HOME_OFFICE\Validacion_Climas_muestras\Validacion_INDICE_ESTREMOS_CLIMATICOS\DATOS REGIONALES\Data_for_Load\tendencia_regional_r25mm_ITRF08.shp' D:\HOME_OFFICE\Validacion_Climas_muestras\Validacion_INDICE_ESTREMOS_CLIMATICOS\CARGA_FEATURES_2\Indices_Extresmos_2.gdb\Datos_Regiones_Dataset_ITRF2008\tendencia_regional_r25mm TEST # #</Process><Process ToolSource="c:\program files (x86)\arcgis\desktop10.8\ArcToolbox\Toolboxes\Data Management Tools.tbx\RecalculateFeatureClassExtent" Date="20210510" Time="211644">RecalculateFeatureClassExtent D:\HOME_OFFICE\Validacion_Climas_muestras\Validacion_INDICE_ESTREMOS_CLIMATICOS\CARGA_FEATURES_2\Indices_Extremos_2.gdb\Datos_Regiones_Dataset_ITRF2008\tendencia_regional_r25mm</Process><Process ToolSource="c:\program files (x86)\arcgis\desktop10.8\ArcToolbox\Toolboxes\Data Management Tools.tbx\Append" Date="20210511" Time="092220">Append 'D:\HOME_OFFICE\Validacion_Climas_muestras\Validacion_INDICE_ESTREMOS_CLIMATICOS\DATOS REGIONALES\Data_for_Load\tendencia_regional_r25mm_ITRF08.shp' D:\HOME_OFFICE\Validacion_Climas_muestras\Validacion_INDICE_ESTREMOS_CLIMATICOS\CARGA_FEATURES_2\Indices_Extremos_2.gdb\Datos_Regiones_Dataset_ITRF2008\tendencia_regional_r25mm TEST # #</Process><Process ToolSource="c:\program files (x86)\arcgis\desktop10.8\ArcToolbox\Toolboxes\Data Management Tools.tbx\RecalculateFeatureClassExtent" Date="20210511" Time="093156">RecalculateFeatureClassExtent D:\HOME_OFFICE\Validacion_Climas_muestras\Validacion_INDICE_ESTREMOS_CLIMATICOS\CARGA_FEATURES_2\Indices_Extremos_2.gdb\Datos_Regiones_Dataset_ITRF2008\tendencia_regional_r25mm</Process><Process ToolSource="c:\program files (x86)\arcgis\desktop10.8\ArcToolbox\Toolboxes\Data Management Tools.tbx\Append" Date="20210511" Time="101552">Append 'D:\HOME_OFFICE\Validacion_Climas_muestras\Validacion_INDICE_ESTREMOS_CLIMATICOS\DATOS REGIONALES\Data_for_Load\tendencia_regional_r25mm_ITRF08.shp' D:\HOME_OFFICE\Validacion_Climas_muestras\Validacion_INDICE_ESTREMOS_CLIMATICOS\CARGA_FEATURES_2\otra_3.gdb\Datos_Regiones_Dataset_ITRF2008\tendencia_regional_r25mm TEST # #</Process><Process ToolSource="c:\program files (x86)\arcgis\desktop10.8\ArcToolbox\Toolboxes\Data Management Tools.tbx\Append" Date="20210518" Time="162627">Append D:\Carga_esquema_BDC\Datos_regiones\tendencia_regional_r25mm_ITRF08.shp D:\Carga_esquema_BDC\BD_climatologica.gdb\Datos_Regiones_Dataset_ITRF2008\tendencia_regional_r25mm TEST # #</Process><Process ToolSource="c:\program files (x86)\arcgis\desktop10.8\ArcToolbox\Toolboxes\Data Management Tools.tbx\Append" Date="20210519" Time="090515">Append D:\Carga_esquema_BDC\Datos_regiones\tendencia_regional_r25mm_ITRF08.shp D:\Carga_esquema_BDC\BD_climatologica.gdb\Datos_Regiones_Dataset_ITRF2008\tendencia_regional_r25mm TEST # #</Process><Process ToolSource="c:\program files (x86)\arcgis\desktop10.8\ArcToolbox\Toolboxes\Data Management Tools.tbx\Append" Date="20210519" Time="094108">Append D:\Carga_esquema_BDC\Datos_regiones\tendencia_regional_r25mm_ITRF08.shp D:\Carga_esquema_BDC\BD_climatologica.gdb\Datos_Regiones_Dataset_ITRF2008\tendencia_regional_r25mm TEST # #</Process><Process ToolSource="c:\program files (x86)\arcgis\desktop10.8\ArcToolbox\Toolboxes\Data Management Tools.tbx\Append" Date="20210519" Time="101117">Append D:\Carga_esquema_BDC\Datos_regiones\tendencia_regional_r25mm_ITRF08.shp D:\Carga_esquema_BDC\BD_climatologica.gdb\Datos_Regiones_Dataset_ITRF2008\tendencia_regional_r25mm TEST # #</Process><Process ToolSource="c:\program files (x86)\arcgis\desktop10.8\ArcToolbox\Toolboxes\Data Management Tools.tbx\Append" Date="20210519" Time="121537">Append D:\Carga_esquema_BDC\Datos_regiones\tendencia_regional_r25mm_ITRF08.shp D:\Carga_esquema_BDC\BD_climatologica.gdb\Datos_Regiones_Dataset_ITRF2008\tendencia_regional_r25mm TEST # #</Process><Process ToolSource="c:\program files (x86)\arcgis\desktop10.8\ArcToolbox\Toolboxes\Data Management Tools.tbx\Append" Date="20210519" Time="132024">Append D:\Carga_esquema_BDC\Datos_regiones\tendencia_regional_r25mm_ITRF08.shp D:\Carga_esquema_BDC\BD_climatologica.gdb\Datos_Regiones_Dataset_ITRF2008\tendencia_regional_r25mm TEST # #</Process></lineage><itemProps><itemName Sync="TRUE">tendencia_regional_r25mm</itemName><imsContentType Sync="TRUE">002</imsContentType><itemSize Sync="TRUE">0.000</itemSize><itemLocation><linkage Sync="TRUE">file://\\GEORNA045782D\D$\Documents\2021\BD-Climatológica-corrección\2 Base datos espacial GDB\BD_climatologica_shape\Datos_regiones\tendencia_regional_r25mm.shp</linkage><protocol Sync="TRUE">Local Area Network</protocol></itemLocation></itemProps><coordRef><type Sync="TRUE">Geographic</type><geogcsn Sync="TRUE">GCS_ITRF_2008</geogcsn><csUnits Sync="TRUE">Angular Unit: Degree (0.017453)</csUnits><peXml Sync="TRUE">&lt;GeographicCoordinateSystem xsi:type='typens:GeographicCoordinateSystem' xmlns:xsi='http://www.w3.org/2001/XMLSchema-instance' xmlns:xs='http://www.w3.org/2001/XMLSchema' xmlns:typens='http://www.esri.com/schemas/ArcGIS/10.8'&gt;&lt;WKT&gt;GEOGCS[&amp;quot;GCS_ITRF_2008&amp;quot;,DATUM[&amp;quot;D_ITRF_2008&amp;quot;,SPHEROID[&amp;quot;GRS_1980&amp;quot;,6378137.0,298.257222101]],PRIMEM[&amp;quot;Greenwich&amp;quot;,0.0],UNIT[&amp;quot;Degree&amp;quot;,0.0174532925199433],AUTHORITY[&amp;quot;EPSG&amp;quot;,8999]]&lt;/WKT&gt;&lt;XOrigin&gt;-400&lt;/XOrigin&gt;&lt;YOrigin&gt;-400&lt;/YOrigin&gt;&lt;XYScale&gt;11258999068426.238&lt;/XYScale&gt;&lt;ZOrigin&gt;-100000&lt;/ZOrigin&gt;&lt;ZScale&gt;10000&lt;/ZScale&gt;&lt;MOrigin&gt;-100000&lt;/MOrigin&gt;&lt;MScale&gt;10000&lt;/MScale&gt;&lt;XYTolerance&gt;8.9831528411952133e-09&lt;/XYTolerance&gt;&lt;ZTolerance&gt;0.001&lt;/ZTolerance&gt;&lt;MTolerance&gt;0.001&lt;/MTolerance&gt;&lt;HighPrecision&gt;true&lt;/HighPrecision&gt;&lt;LeftLongitude&gt;-180&lt;/LeftLongitude&gt;&lt;WKID&gt;104257&lt;/WKID&gt;&lt;LatestWKID&gt;8999&lt;/LatestWKID&gt;&lt;/GeographicCoordinateSystem&gt;</peXml></coordRef></DataProperties><SyncDate>20210601</SyncDate><SyncTime>06564900</SyncTime><ModDate>20210601</ModDate><ModTime>06564900</ModTime></Esri><dataIdInfo><envirDesc Sync="TRUE"> Version 6.2 (Build 9200) ; Esri ArcGIS 10.8.1.14362</envirDesc><dataLang><languageCode value="spa" Sync="TRUE"></languageCode><countryCode value="MEX" Sync="TRUE"></countryCode></dataLang><idCitation><resTitle Sync="TRUE">tendencia_regional_r25mm</resTitle><presForm><PresFormCd value="005" Sync="TRUE"></PresFormCd></presForm></idCitation><spatRpType><SpatRepTypCd value="001" Sync="TRUE"></SpatRepTypCd></spatRpType></dataIdInfo><mdLang><languageCode value="spa" Sync="TRUE"></languageCode><countryCode value="MEX" Sync="TRUE"></countryCode></mdLang><distInfo><distFormat><formatName Sync="TRUE">Shapefile</formatName></distFormat><distTranOps><transSize Sync="TRUE">0.000</transSize></distTranOps></distInfo><mdHrLv><ScopeCd value="005" Sync="TRUE"></ScopeCd></mdHrLv><mdHrLvName Sync="TRUE">dataset</mdHrLvName><refSysInfo><RefSystem><refSysID><identCode code="8999" Sync="TRUE"></identCode><idCodeSpace Sync="TRUE">EPSG</idCodeSpace><idVersion Sync="TRUE">9.6.3(10.8.0)</idVersion></refSysID></RefSystem></refSysInfo><spatRepInfo><VectSpatRep><geometObjs Name="tendencia_regional_r25mm"><geoObjTyp><GeoObjTypCd value="002" Sync="TRUE"></GeoObjTypCd></geoObjTyp><geoObjCnt Sync="TRUE">0</geoObjCnt></geometObjs><topLvl><TopoLevCd value="001" Sync="TRUE"></TopoLevCd></topLvl></VectSpatRep></spatRepInfo><spdoinfo><ptvctinf><esriterm Name="tendencia_regional_r25mm"><efeatyp Sync="TRUE">Simple</efeatyp><efeageom code="4" Sync="TRUE"></efeageom><esritopo Sync="TRUE">FALSE</esritopo><efeacnt Sync="TRUE">0</efeacnt><spindex Sync="TRUE">FALSE</spindex><linrefer Sync="TRUE">FALSE</linrefer></esriterm></ptvctinf></spdoinfo><eainfo><detailed Name="tendencia_regional_r25mm"><enttyp><enttypl Sync="TRUE">tendencia_regional_r25mm</enttypl><enttypt Sync="TRUE">Feature Class</enttypt><enttypc Sync="TRUE">0</enttypc></enttyp><attr><attrlabl Sync="TRUE">FID</attrlabl><attalias Sync="TRUE">FID</attalias><attrtype Sync="TRUE">OID</attrtype><attwidth Sync="TRUE">4</attwidth><atprecis Sync="TRUE">0</atprecis><attscale Sync="TRUE">0</attscale><attrdef Sync="TRUE">Internal feature number.</attrdef><attrdefs Sync="TRUE">Esri</attrdefs><attrdomv><udom Sync="TRUE">Sequential unique whole numbers that are automatically generated.</udom></attrdomv></attr><attr><attrlabl Sync="TRUE">Shape</attrlabl><attalias Sync="TRUE">Shape</attalias><attrtype Sync="TRUE">Geometry</attrtype><attwidth Sync="TRUE">0</attwidth><atprecis Sync="TRUE">0</atprecis><attscale Sync="TRUE">0</attscale><attrdef Sync="TRUE">Feature geometry.</attrdef><attrdefs Sync="TRUE">Esri</attrdefs><attrdomv><udom Sync="TRUE">Coordinates defining the features.</udom></attrdomv></attr><attr><attrlabl Sync="TRUE">R_CLIM</attrlabl><attalias Sync="TRUE">R_CLIM</attalias><attrtype Sync="TRUE">Integer</attrtype><attwidth Sync="TRUE">5</attwidth><atprecis Sync="TRUE">5</atprecis><attscale Sync="TRUE">0</attscale></attr><attr><attrlabl Sync="TRUE">NR_CLIM</attrlabl><attalias Sync="TRUE">NR_CLIM</attalias><attrtype Sync="TRUE">String</attrtype><attwidth Sync="TRUE">25</attwidth><atprecis Sync="TRUE">0</atprecis><attscale Sync="TRUE">0</attscale></attr><attr><attrlabl Sync="TRUE">INICIO</attrlabl><attalias Sync="TRUE">INICIO</attalias><attrtype Sync="TRUE">Integer</attrtype><attwidth Sync="TRUE">5</attwidth><atprecis Sync="TRUE">5</atprecis><attscale Sync="TRUE">0</attscale></attr><attr><attrlabl Sync="TRUE">FIN</attrlabl><attalias Sync="TRUE">FIN</attalias><attrtype Sync="TRUE">Integer</attrtype><attwidth Sync="TRUE">5</attwidth><atprecis Sync="TRUE">5</atprecis><attscale Sync="TRUE">0</attscale></attr><attr><attrlabl Sync="TRUE">AÑOS_REG</attrlabl><attalias Sync="TRUE">AÑOS_REG</attalias><attrtype Sync="TRUE">Integer</attrtype><attwidth Sync="TRUE">5</attwidth><atprecis Sync="TRUE">5</atprecis><attscale Sync="TRUE">0</attscale></attr><attr><attrlabl Sync="TRUE">AÑOS</attrlabl><attalias Sync="TRUE">AÑOS</attalias><attrtype Sync="TRUE">Integer</attrtype><attwidth Sync="TRUE">5</attwidth><atprecis Sync="TRUE">5</atprecis><attscale Sync="TRUE">0</attscale></attr><attr><attrlabl Sync="TRUE">R25MM_P</attrlabl><attalias Sync="TRUE">R25MM_P</attalias><attrtype Sync="TRUE">Single</attrtype><attwidth Sync="TRUE">13</attwidth><atprecis Sync="TRUE">0</atprecis><attscale Sync="TRUE">0</attscale></attr><attr><attrlabl Sync="TRUE">C_V</attrlabl><attalias Sync="TRUE">C_V</attalias><attrtype Sync="TRUE">Single</attrtype><attwidth Sync="TRUE">13</attwidth><atprecis Sync="TRUE">0</atprecis><attscale Sync="TRUE">0</attscale></attr><attr><attrlabl Sync="TRUE">TEND_L</attrlabl><attalias Sync="TRUE">TEND_L</attalias><attrtype Sync="TRUE">Single</attrtype><attwidth Sync="TRUE">13</attwidth><atprecis Sync="TRUE">0</atprecis><attscale Sync="TRUE">0</attscale></attr><attr><attrlabl Sync="TRUE">P_VAL</attrlabl><attalias Sync="TRUE">P_VAL</attalias><attrtype Sync="TRUE">Single</attrtype><attwidth Sync="TRUE">13</attwidth><atprecis Sync="TRUE">0</atprecis><attscale Sync="TRUE">0</attscale></attr><attr><attrlabl Sync="TRUE">DESV_EST</attrlabl><attalias Sync="TRUE">DESV_EST</attalias><attrtype Sync="TRUE">Single</attrtype><attwidth Sync="TRUE">13</attwidth><atprecis Sync="TRUE">0</atprecis><attscale Sync="TRUE">0</attscale></attr><attr><attrlabl Sync="TRUE">T_CRIT</attrlabl><attalias Sync="TRUE">T_CRIT</attalias><attrtype Sync="TRUE">Single</attrtype><attwidth Sync="TRUE">13</attwidth><atprecis Sync="TRUE">0</atprecis><attscale Sync="TRUE">0</attscale></attr><attr><attrlabl Sync="TRUE">VAR_PER</attrlabl><attalias Sync="TRUE">VAR_PER</attalias><attrtype Sync="TRUE">Single</attrtype><attwidth Sync="TRUE">13</attwidth><atprecis Sync="TRUE">0</atprecis><attscale Sync="TRUE">0</attscale></attr><attr><attrlabl Sync="TRUE">SIG_EST</attrlabl><attalias Sync="TRUE">SIG_EST</attalias><attrtype Sync="TRUE">Integer</attrtype><attwidth Sync="TRUE">5</attwidth><atprecis Sync="TRUE">5</atprecis><attscale Sync="TRUE">0</attscale></attr><attr><attrlabl Sync="TRUE">Cal_pos</attrlabl><attalias Sync="TRUE">Cal_pos</attalias><attrtype Sync="TRUE">String</attrtype><attwidth Sync="TRUE">10</attwidth><atprecis Sync="TRUE">0</atprecis><attscale Sync="TRUE">0</attscale></attr><attr><attrlabl Sync="TRUE">Shape_Leng</attrlabl><attalias Sync="TRUE">Shape_Leng</attalias><attrtype Sync="TRUE">Double</attrtype><attwidth Sync="TRUE">19</attwidth><atprecis Sync="TRUE">0</atprecis><attscale Sync="TRUE">0</attscale></attr><attr><attrlabl Sync="TRUE">Shape_Area</attrlabl><attalias Sync="TRUE">Shape_Area</attalias><attrtype Sync="TRUE">Double</attrtype><attwidth Sync="TRUE">19</attwidth><atprecis Sync="TRUE">0</atprecis><attscale Sync="TRUE">0</attscale><attrdef Sync="TRUE">Area of feature in internal units squared.</attrdef><attrdefs Sync="TRUE">Esri</attrdefs><attrdomv><udom Sync="TRUE">Positive real numbers that are automatically generated.</udom></attrdomv></attr></detailed></eainfo><mdDateSt Sync="TRUE">20210601</mdDateSt></metadata>
