<metadata xml:lang="es"><Esri><CreaDate>20210413</CreaDate><CreaTime>09535400</CreaTime><ArcGISFormat>1.0</ArcGISFormat><ArcGISstyle>FGDC CSDGM Metadata</ArcGISstyle><SyncOnce>FALSE</SyncOnce><DataProperties><lineage><Process ToolSource="c:\program files (x86)\arcgis\desktop10.8\ArcToolbox\Toolboxes\Data Management Tools.tbx\CreateFeatureclass" Date="20210413" Time="095354">CreateFeatureclass D:\HOME_OFFICE\Validacion_Climas_muestras\Validacion_INDICE_ESTREMOS_CLIMATICOS\GDB_Indices_extremos.gdb\Datos_Regiones_Dataset_ITRF2008 tendencia_regional_r10mm POLYGON 'D:\HOME_OFFICE\Validacion_Climas_muestras\Validacion_INDICE_ESTREMOS_CLIMATICOS\DATOS REGIONALES\2 TENDENCIAS\Anuales\tendencia_regional_r10mm_ITRF08.shp' DISABLED DISABLED "{B286C06B-0879-11D2-AACA-00C04FA33C20};-450359962737.05 -450359962737.05 10000;#;#;0.001;#;#;IsHighPrecision" # 0 0 0</Process><Process ToolSource="c:\program files (x86)\arcgis\desktop10.8\ArcToolbox\Toolboxes\Data Management Tools.tbx\AssignDomainToField" Date="20210420" Time="163021">AssignDomainToField D:\HOME_OFFICE\Validacion_Climas_muestras\Validacion_INDICE_ESTREMOS_CLIMATICOS\GDB_Indices_extremos.gdb\Datos_Regiones_Dataset_ITRF2008\tendencia_regional_r10mm INICIO INICIO #</Process><Process ToolSource="c:\program files (x86)\arcgis\desktop10.8\ArcToolbox\Toolboxes\Data Management Tools.tbx\AssignDomainToField" Date="20210420" Time="163025">AssignDomainToField D:\HOME_OFFICE\Validacion_Climas_muestras\Validacion_INDICE_ESTREMOS_CLIMATICOS\GDB_Indices_extremos.gdb\Datos_Regiones_Dataset_ITRF2008\tendencia_regional_r10mm FIN FIN #</Process><Process ToolSource="c:\program files (x86)\arcgis\desktop10.8\ArcToolbox\Toolboxes\Data Management Tools.tbx\AssignDomainToField" Date="20210420" Time="163029">AssignDomainToField D:\HOME_OFFICE\Validacion_Climas_muestras\Validacion_INDICE_ESTREMOS_CLIMATICOS\GDB_Indices_extremos.gdb\Datos_Regiones_Dataset_ITRF2008\tendencia_regional_r10mm R10MM_P R10MM_P #</Process><Process ToolSource="c:\program files (x86)\arcgis\desktop10.8\ArcToolbox\Toolboxes\Data Management Tools.tbx\AssignDomainToField" Date="20210420" Time="163034">AssignDomainToField D:\HOME_OFFICE\Validacion_Climas_muestras\Validacion_INDICE_ESTREMOS_CLIMATICOS\GDB_Indices_extremos.gdb\Datos_Regiones_Dataset_ITRF2008\tendencia_regional_r10mm C_V C_V #</Process><Process ToolSource="c:\program files (x86)\arcgis\desktop10.8\ArcToolbox\Toolboxes\Data Management Tools.tbx\AssignDomainToField" Date="20210420" Time="163038">AssignDomainToField D:\HOME_OFFICE\Validacion_Climas_muestras\Validacion_INDICE_ESTREMOS_CLIMATICOS\GDB_Indices_extremos.gdb\Datos_Regiones_Dataset_ITRF2008\tendencia_regional_r10mm TEND_L TEND_L #</Process><Process ToolSource="c:\program files (x86)\arcgis\desktop10.8\ArcToolbox\Toolboxes\Data Management Tools.tbx\AssignDomainToField" Date="20210420" Time="163042">AssignDomainToField D:\HOME_OFFICE\Validacion_Climas_muestras\Validacion_INDICE_ESTREMOS_CLIMATICOS\GDB_Indices_extremos.gdb\Datos_Regiones_Dataset_ITRF2008\tendencia_regional_r10mm P_VAL P_VAL #</Process><Process ToolSource="c:\program files (x86)\arcgis\desktop10.8\ArcToolbox\Toolboxes\Data Management Tools.tbx\AssignDomainToField" Date="20210420" Time="163047">AssignDomainToField D:\HOME_OFFICE\Validacion_Climas_muestras\Validacion_INDICE_ESTREMOS_CLIMATICOS\GDB_Indices_extremos.gdb\Datos_Regiones_Dataset_ITRF2008\tendencia_regional_r10mm DESV_EST DESV_EST #</Process><Process ToolSource="c:\program files (x86)\arcgis\desktop10.8\ArcToolbox\Toolboxes\Data Management Tools.tbx\AssignDomainToField" Date="20210420" Time="163051">AssignDomainToField D:\HOME_OFFICE\Validacion_Climas_muestras\Validacion_INDICE_ESTREMOS_CLIMATICOS\GDB_Indices_extremos.gdb\Datos_Regiones_Dataset_ITRF2008\tendencia_regional_r10mm N_T_CRIT N_T_CRIT #</Process><Process ToolSource="c:\program files (x86)\arcgis\desktop10.8\ArcToolbox\Toolboxes\Data Management Tools.tbx\AssignDomainToField" Date="20210420" Time="163055">AssignDomainToField D:\HOME_OFFICE\Validacion_Climas_muestras\Validacion_INDICE_ESTREMOS_CLIMATICOS\GDB_Indices_extremos.gdb\Datos_Regiones_Dataset_ITRF2008\tendencia_regional_r10mm VAR_PER VAR_PER #</Process><Process ToolSource="c:\program files (x86)\arcgis\desktop10.8\ArcToolbox\Toolboxes\Data Management Tools.tbx\AssignDomainToField" Date="20210420" Time="163059">AssignDomainToField D:\HOME_OFFICE\Validacion_Climas_muestras\Validacion_INDICE_ESTREMOS_CLIMATICOS\GDB_Indices_extremos.gdb\Datos_Regiones_Dataset_ITRF2008\tendencia_regional_r10mm SIG_EST SIG_EST #</Process><Process ToolSource="c:\program files (x86)\arcgis\desktop10.8\ArcToolbox\Toolboxes\Data Management Tools.tbx\AssignDomainToField" Date="20210420" Time="163103">AssignDomainToField D:\HOME_OFFICE\Validacion_Climas_muestras\Validacion_INDICE_ESTREMOS_CLIMATICOS\GDB_Indices_extremos.gdb\Datos_Regiones_Dataset_ITRF2008\tendencia_regional_r10mm Cal_pos Cal_pos #</Process><Process ToolSource="c:\program files (x86)\arcgis\desktop10.8\ArcToolbox\Toolboxes\Data Management Tools.tbx\AssignDomainToField" Date="20210420" Time="163109">AssignDomainToField D:\HOME_OFFICE\Validacion_Climas_muestras\Validacion_INDICE_ESTREMOS_CLIMATICOS\GDB_Indices_extremos.gdb\Datos_Regiones_Dataset_ITRF2008\tendencia_regional_r10mm AÑOS_REG AÑOS_REG #</Process><Process ToolSource="c:\program files (x86)\arcgis\desktop10.8\ArcToolbox\Toolboxes\Data Management Tools.tbx\AssignDomainToField" Date="20210420" Time="163113">AssignDomainToField D:\HOME_OFFICE\Validacion_Climas_muestras\Validacion_INDICE_ESTREMOS_CLIMATICOS\GDB_Indices_extremos.gdb\Datos_Regiones_Dataset_ITRF2008\tendencia_regional_r10mm AÑOS AÑOS_CCD_MEN_PROM #</Process><Process ToolSource="c:\program files (x86)\arcgis\desktop10.8\ArcToolbox\Toolboxes\Data Management Tools.tbx\AssignDomainToField" Date="20210421" Time="105759">AssignDomainToField D:\HOME_OFFICE\Validacion_Climas_muestras\Validacion_INDICE_ESTREMOS_CLIMATICOS\GDB_Indices_extremos.gdb\Datos_Regiones_Dataset_ITRF2008\tendencia_regional_r10mm INICIO INICIO #</Process><Process ToolSource="c:\program files (x86)\arcgis\desktop10.8\ArcToolbox\Toolboxes\Data Management Tools.tbx\AssignDomainToField" Date="20210421" Time="105802">AssignDomainToField D:\HOME_OFFICE\Validacion_Climas_muestras\Validacion_INDICE_ESTREMOS_CLIMATICOS\GDB_Indices_extremos.gdb\Datos_Regiones_Dataset_ITRF2008\tendencia_regional_r10mm FIN FIN #</Process><Process ToolSource="c:\program files (x86)\arcgis\desktop10.8\ArcToolbox\Toolboxes\Data Management Tools.tbx\AssignDomainToField" Date="20210421" Time="105804">AssignDomainToField D:\HOME_OFFICE\Validacion_Climas_muestras\Validacion_INDICE_ESTREMOS_CLIMATICOS\GDB_Indices_extremos.gdb\Datos_Regiones_Dataset_ITRF2008\tendencia_regional_r10mm R10MM_P R10MM_P #</Process><Process ToolSource="c:\program files (x86)\arcgis\desktop10.8\ArcToolbox\Toolboxes\Data Management Tools.tbx\AssignDomainToField" Date="20210421" Time="105807">AssignDomainToField D:\HOME_OFFICE\Validacion_Climas_muestras\Validacion_INDICE_ESTREMOS_CLIMATICOS\GDB_Indices_extremos.gdb\Datos_Regiones_Dataset_ITRF2008\tendencia_regional_r10mm C_V C_V #</Process><Process ToolSource="c:\program files (x86)\arcgis\desktop10.8\ArcToolbox\Toolboxes\Data Management Tools.tbx\AssignDomainToField" Date="20210421" Time="105809">AssignDomainToField D:\HOME_OFFICE\Validacion_Climas_muestras\Validacion_INDICE_ESTREMOS_CLIMATICOS\GDB_Indices_extremos.gdb\Datos_Regiones_Dataset_ITRF2008\tendencia_regional_r10mm TEND_L TEND_L #</Process><Process ToolSource="c:\program files (x86)\arcgis\desktop10.8\ArcToolbox\Toolboxes\Data Management Tools.tbx\AssignDomainToField" Date="20210421" Time="105812">AssignDomainToField D:\HOME_OFFICE\Validacion_Climas_muestras\Validacion_INDICE_ESTREMOS_CLIMATICOS\GDB_Indices_extremos.gdb\Datos_Regiones_Dataset_ITRF2008\tendencia_regional_r10mm P_VAL P_VAL #</Process><Process ToolSource="c:\program files (x86)\arcgis\desktop10.8\ArcToolbox\Toolboxes\Data Management Tools.tbx\AssignDomainToField" Date="20210421" Time="105814">AssignDomainToField D:\HOME_OFFICE\Validacion_Climas_muestras\Validacion_INDICE_ESTREMOS_CLIMATICOS\GDB_Indices_extremos.gdb\Datos_Regiones_Dataset_ITRF2008\tendencia_regional_r10mm DESV_EST DESV_EST #</Process><Process ToolSource="c:\program files (x86)\arcgis\desktop10.8\ArcToolbox\Toolboxes\Data Management Tools.tbx\AssignDomainToField" Date="20210421" Time="105817">AssignDomainToField D:\HOME_OFFICE\Validacion_Climas_muestras\Validacion_INDICE_ESTREMOS_CLIMATICOS\GDB_Indices_extremos.gdb\Datos_Regiones_Dataset_ITRF2008\tendencia_regional_r10mm N_T_CRIT N_T_CRIT #</Process><Process ToolSource="c:\program files (x86)\arcgis\desktop10.8\ArcToolbox\Toolboxes\Data Management Tools.tbx\AssignDomainToField" Date="20210421" Time="105819">AssignDomainToField D:\HOME_OFFICE\Validacion_Climas_muestras\Validacion_INDICE_ESTREMOS_CLIMATICOS\GDB_Indices_extremos.gdb\Datos_Regiones_Dataset_ITRF2008\tendencia_regional_r10mm VAR_PER VAR_PER #</Process><Process ToolSource="c:\program files (x86)\arcgis\desktop10.8\ArcToolbox\Toolboxes\Data Management Tools.tbx\AssignDomainToField" Date="20210421" Time="105821">AssignDomainToField D:\HOME_OFFICE\Validacion_Climas_muestras\Validacion_INDICE_ESTREMOS_CLIMATICOS\GDB_Indices_extremos.gdb\Datos_Regiones_Dataset_ITRF2008\tendencia_regional_r10mm SIG_EST SIG_EST #</Process><Process ToolSource="c:\program files (x86)\arcgis\desktop10.8\ArcToolbox\Toolboxes\Data Management Tools.tbx\AssignDomainToField" Date="20210421" Time="105824">AssignDomainToField D:\HOME_OFFICE\Validacion_Climas_muestras\Validacion_INDICE_ESTREMOS_CLIMATICOS\GDB_Indices_extremos.gdb\Datos_Regiones_Dataset_ITRF2008\tendencia_regional_r10mm Cal_pos Cal_pos #</Process><Process ToolSource="c:\program files (x86)\arcgis\desktop10.8\ArcToolbox\Toolboxes\Data Management Tools.tbx\AssignDomainToField" Date="20210421" Time="105827">AssignDomainToField D:\HOME_OFFICE\Validacion_Climas_muestras\Validacion_INDICE_ESTREMOS_CLIMATICOS\GDB_Indices_extremos.gdb\Datos_Regiones_Dataset_ITRF2008\tendencia_regional_r10mm AÑOS_REG AÑOS_REG #</Process><Process ToolSource="c:\program files (x86)\arcgis\desktop10.8\ArcToolbox\Toolboxes\Data Management Tools.tbx\AssignDomainToField" Date="20210421" Time="105829">AssignDomainToField D:\HOME_OFFICE\Validacion_Climas_muestras\Validacion_INDICE_ESTREMOS_CLIMATICOS\GDB_Indices_extremos.gdb\Datos_Regiones_Dataset_ITRF2008\tendencia_regional_r10mm AÑOS AÑOS_CCD_MEN_PROM #</Process><Process ToolSource="c:\program files (x86)\arcgis\desktop10.8\ArcToolbox\Toolboxes\Data Management Tools.tbx\AssignDomainToField" Date="20210421" Time="192223">AssignDomainToField D:\HOME_OFFICE\Validacion_Climas_muestras\Validacion_INDICE_ESTREMOS_CLIMATICOS\GDB_Indices_extremos.gdb\Datos_Regiones_Dataset_ITRF2008\tendencia_regional_r10mm INICIO INICIO #</Process><Process ToolSource="c:\program files (x86)\arcgis\desktop10.8\ArcToolbox\Toolboxes\Data Management Tools.tbx\AssignDomainToField" Date="20210421" Time="192227">AssignDomainToField D:\HOME_OFFICE\Validacion_Climas_muestras\Validacion_INDICE_ESTREMOS_CLIMATICOS\GDB_Indices_extremos.gdb\Datos_Regiones_Dataset_ITRF2008\tendencia_regional_r10mm FIN FIN #</Process><Process ToolSource="c:\program files (x86)\arcgis\desktop10.8\ArcToolbox\Toolboxes\Data Management Tools.tbx\AssignDomainToField" Date="20210421" Time="192231">AssignDomainToField D:\HOME_OFFICE\Validacion_Climas_muestras\Validacion_INDICE_ESTREMOS_CLIMATICOS\GDB_Indices_extremos.gdb\Datos_Regiones_Dataset_ITRF2008\tendencia_regional_r10mm R10MM_P R10MM_P #</Process><Process ToolSource="c:\program files (x86)\arcgis\desktop10.8\ArcToolbox\Toolboxes\Data Management Tools.tbx\AssignDomainToField" Date="20210421" Time="192234">AssignDomainToField D:\HOME_OFFICE\Validacion_Climas_muestras\Validacion_INDICE_ESTREMOS_CLIMATICOS\GDB_Indices_extremos.gdb\Datos_Regiones_Dataset_ITRF2008\tendencia_regional_r10mm C_V C_V #</Process><Process ToolSource="c:\program files (x86)\arcgis\desktop10.8\ArcToolbox\Toolboxes\Data Management Tools.tbx\AssignDomainToField" Date="20210421" Time="192238">AssignDomainToField D:\HOME_OFFICE\Validacion_Climas_muestras\Validacion_INDICE_ESTREMOS_CLIMATICOS\GDB_Indices_extremos.gdb\Datos_Regiones_Dataset_ITRF2008\tendencia_regional_r10mm TEND_L TEND_L #</Process><Process ToolSource="c:\program files (x86)\arcgis\desktop10.8\ArcToolbox\Toolboxes\Data Management Tools.tbx\AssignDomainToField" Date="20210421" Time="192242">AssignDomainToField D:\HOME_OFFICE\Validacion_Climas_muestras\Validacion_INDICE_ESTREMOS_CLIMATICOS\GDB_Indices_extremos.gdb\Datos_Regiones_Dataset_ITRF2008\tendencia_regional_r10mm P_VAL P_VAL #</Process><Process ToolSource="c:\program files (x86)\arcgis\desktop10.8\ArcToolbox\Toolboxes\Data Management Tools.tbx\AssignDomainToField" Date="20210421" Time="192245">AssignDomainToField D:\HOME_OFFICE\Validacion_Climas_muestras\Validacion_INDICE_ESTREMOS_CLIMATICOS\GDB_Indices_extremos.gdb\Datos_Regiones_Dataset_ITRF2008\tendencia_regional_r10mm DESV_EST DESV_EST #</Process><Process ToolSource="c:\program files (x86)\arcgis\desktop10.8\ArcToolbox\Toolboxes\Data Management Tools.tbx\AssignDomainToField" Date="20210421" Time="192249">AssignDomainToField D:\HOME_OFFICE\Validacion_Climas_muestras\Validacion_INDICE_ESTREMOS_CLIMATICOS\GDB_Indices_extremos.gdb\Datos_Regiones_Dataset_ITRF2008\tendencia_regional_r10mm N_T_CRIT N_T_CRIT #</Process><Process ToolSource="c:\program files (x86)\arcgis\desktop10.8\ArcToolbox\Toolboxes\Data Management Tools.tbx\AssignDomainToField" Date="20210421" Time="192252">AssignDomainToField D:\HOME_OFFICE\Validacion_Climas_muestras\Validacion_INDICE_ESTREMOS_CLIMATICOS\GDB_Indices_extremos.gdb\Datos_Regiones_Dataset_ITRF2008\tendencia_regional_r10mm VAR_PER VAR_PER #</Process><Process ToolSource="c:\program files (x86)\arcgis\desktop10.8\ArcToolbox\Toolboxes\Data Management Tools.tbx\AssignDomainToField" Date="20210421" Time="192256">AssignDomainToField D:\HOME_OFFICE\Validacion_Climas_muestras\Validacion_INDICE_ESTREMOS_CLIMATICOS\GDB_Indices_extremos.gdb\Datos_Regiones_Dataset_ITRF2008\tendencia_regional_r10mm SIG_EST SIG_EST #</Process><Process ToolSource="c:\program files (x86)\arcgis\desktop10.8\ArcToolbox\Toolboxes\Data Management Tools.tbx\AssignDomainToField" Date="20210421" Time="192300">AssignDomainToField D:\HOME_OFFICE\Validacion_Climas_muestras\Validacion_INDICE_ESTREMOS_CLIMATICOS\GDB_Indices_extremos.gdb\Datos_Regiones_Dataset_ITRF2008\tendencia_regional_r10mm Cal_pos Cal_pos #</Process><Process ToolSource="c:\program files (x86)\arcgis\desktop10.8\ArcToolbox\Toolboxes\Data Management Tools.tbx\AssignDomainToField" Date="20210421" Time="192307">AssignDomainToField D:\HOME_OFFICE\Validacion_Climas_muestras\Validacion_INDICE_ESTREMOS_CLIMATICOS\GDB_Indices_extremos.gdb\Datos_Regiones_Dataset_ITRF2008\tendencia_regional_r10mm AÑOS_REG AÑOS_REG #</Process><Process ToolSource="c:\program files (x86)\arcgis\desktop10.8\ArcToolbox\Toolboxes\Data Management Tools.tbx\AssignDomainToField" Date="20210421" Time="192313">AssignDomainToField D:\HOME_OFFICE\Validacion_Climas_muestras\Validacion_INDICE_ESTREMOS_CLIMATICOS\GDB_Indices_extremos.gdb\Datos_Regiones_Dataset_ITRF2008\tendencia_regional_r10mm AÑOS AÑOS_CCD_MEN_PROM #</Process><Process ToolSource="c:\program files (x86)\arcgis\desktop10.8\ArcToolbox\Toolboxes\Data Management Tools.tbx\AssignDomainToField" Date="20210421" Time="205810">AssignDomainToField D:\HOME_OFFICE\Validacion_Climas_muestras\Validacion_INDICE_ESTREMOS_CLIMATICOS\GDB_Indices_extremos.gdb\Datos_Regiones_Dataset_ITRF2008\tendencia_regional_r10mm INICIO INICIO #</Process><Process ToolSource="c:\program files (x86)\arcgis\desktop10.8\ArcToolbox\Toolboxes\Data Management Tools.tbx\AssignDomainToField" Date="20210421" Time="205812">AssignDomainToField D:\HOME_OFFICE\Validacion_Climas_muestras\Validacion_INDICE_ESTREMOS_CLIMATICOS\GDB_Indices_extremos.gdb\Datos_Regiones_Dataset_ITRF2008\tendencia_regional_r10mm FIN FIN #</Process><Process ToolSource="c:\program files (x86)\arcgis\desktop10.8\ArcToolbox\Toolboxes\Data Management Tools.tbx\AssignDomainToField" Date="20210421" Time="205815">AssignDomainToField D:\HOME_OFFICE\Validacion_Climas_muestras\Validacion_INDICE_ESTREMOS_CLIMATICOS\GDB_Indices_extremos.gdb\Datos_Regiones_Dataset_ITRF2008\tendencia_regional_r10mm R10MM_P R10MM_P #</Process><Process ToolSource="c:\program files (x86)\arcgis\desktop10.8\ArcToolbox\Toolboxes\Data Management Tools.tbx\AssignDomainToField" Date="20210421" Time="205817">AssignDomainToField D:\HOME_OFFICE\Validacion_Climas_muestras\Validacion_INDICE_ESTREMOS_CLIMATICOS\GDB_Indices_extremos.gdb\Datos_Regiones_Dataset_ITRF2008\tendencia_regional_r10mm C_V C_V #</Process><Process ToolSource="c:\program files (x86)\arcgis\desktop10.8\ArcToolbox\Toolboxes\Data Management Tools.tbx\AssignDomainToField" Date="20210421" Time="205819">AssignDomainToField D:\HOME_OFFICE\Validacion_Climas_muestras\Validacion_INDICE_ESTREMOS_CLIMATICOS\GDB_Indices_extremos.gdb\Datos_Regiones_Dataset_ITRF2008\tendencia_regional_r10mm TEND_L TEND_L #</Process><Process ToolSource="c:\program files (x86)\arcgis\desktop10.8\ArcToolbox\Toolboxes\Data Management Tools.tbx\AssignDomainToField" Date="20210421" Time="205821">AssignDomainToField D:\HOME_OFFICE\Validacion_Climas_muestras\Validacion_INDICE_ESTREMOS_CLIMATICOS\GDB_Indices_extremos.gdb\Datos_Regiones_Dataset_ITRF2008\tendencia_regional_r10mm P_VAL P_VAL #</Process><Process ToolSource="c:\program files (x86)\arcgis\desktop10.8\ArcToolbox\Toolboxes\Data Management Tools.tbx\AssignDomainToField" Date="20210421" Time="205824">AssignDomainToField D:\HOME_OFFICE\Validacion_Climas_muestras\Validacion_INDICE_ESTREMOS_CLIMATICOS\GDB_Indices_extremos.gdb\Datos_Regiones_Dataset_ITRF2008\tendencia_regional_r10mm DESV_EST DESV_EST #</Process><Process ToolSource="c:\program files (x86)\arcgis\desktop10.8\ArcToolbox\Toolboxes\Data Management Tools.tbx\AssignDomainToField" Date="20210421" Time="205826">AssignDomainToField D:\HOME_OFFICE\Validacion_Climas_muestras\Validacion_INDICE_ESTREMOS_CLIMATICOS\GDB_Indices_extremos.gdb\Datos_Regiones_Dataset_ITRF2008\tendencia_regional_r10mm N_T_CRIT N_T_CRIT #</Process><Process ToolSource="c:\program files (x86)\arcgis\desktop10.8\ArcToolbox\Toolboxes\Data Management Tools.tbx\AssignDomainToField" Date="20210421" Time="205829">AssignDomainToField D:\HOME_OFFICE\Validacion_Climas_muestras\Validacion_INDICE_ESTREMOS_CLIMATICOS\GDB_Indices_extremos.gdb\Datos_Regiones_Dataset_ITRF2008\tendencia_regional_r10mm VAR_PER VAR_PER #</Process><Process ToolSource="c:\program files (x86)\arcgis\desktop10.8\ArcToolbox\Toolboxes\Data Management Tools.tbx\AssignDomainToField" Date="20210421" Time="205831">AssignDomainToField D:\HOME_OFFICE\Validacion_Climas_muestras\Validacion_INDICE_ESTREMOS_CLIMATICOS\GDB_Indices_extremos.gdb\Datos_Regiones_Dataset_ITRF2008\tendencia_regional_r10mm SIG_EST SIG_EST #</Process><Process ToolSource="c:\program files (x86)\arcgis\desktop10.8\ArcToolbox\Toolboxes\Data Management Tools.tbx\AssignDomainToField" Date="20210421" Time="205833">AssignDomainToField D:\HOME_OFFICE\Validacion_Climas_muestras\Validacion_INDICE_ESTREMOS_CLIMATICOS\GDB_Indices_extremos.gdb\Datos_Regiones_Dataset_ITRF2008\tendencia_regional_r10mm Cal_pos Cal_pos #</Process><Process ToolSource="c:\program files (x86)\arcgis\desktop10.8\ArcToolbox\Toolboxes\Data Management Tools.tbx\AssignDomainToField" Date="20210421" Time="205837">AssignDomainToField D:\HOME_OFFICE\Validacion_Climas_muestras\Validacion_INDICE_ESTREMOS_CLIMATICOS\GDB_Indices_extremos.gdb\Datos_Regiones_Dataset_ITRF2008\tendencia_regional_r10mm AÑOS_REG AÑOS_REG #</Process><Process ToolSource="c:\program files (x86)\arcgis\desktop10.8\ArcToolbox\Toolboxes\Data Management Tools.tbx\AssignDomainToField" Date="20210421" Time="205839">AssignDomainToField D:\HOME_OFFICE\Validacion_Climas_muestras\Validacion_INDICE_ESTREMOS_CLIMATICOS\GDB_Indices_extremos.gdb\Datos_Regiones_Dataset_ITRF2008\tendencia_regional_r10mm AÑOS AÑOS_CCD_MEN_PROM #</Process><Process ToolSource="c:\program files (x86)\arcgis\desktop10.8\ArcToolbox\Toolboxes\Data Management Tools.tbx\AssignDomainToField" Date="20210421" Time="220717">AssignDomainToField D:\HOME_OFFICE\Validacion_Climas_muestras\Validacion_INDICE_ESTREMOS_CLIMATICOS\GDB_Indices_extremos.gdb\Datos_Regiones_Dataset_ITRF2008\tendencia_regional_r10mm AÑOS_REG AÑOS_REG #</Process><Process ToolSource="c:\program files (x86)\arcgis\desktop10.8\ArcToolbox\Toolboxes\Data Management Tools.tbx\AssignDomainToField" Date="20210421" Time="220720">AssignDomainToField D:\HOME_OFFICE\Validacion_Climas_muestras\Validacion_INDICE_ESTREMOS_CLIMATICOS\GDB_Indices_extremos.gdb\Datos_Regiones_Dataset_ITRF2008\tendencia_regional_r10mm AÑOS AÑOS_CCD_MEN_PROM #</Process><Process ToolSource="c:\program files (x86)\arcgis\desktop10.8\ArcToolbox\Toolboxes\Data Management Tools.tbx\AssignDomainToField" Date="20210421" Time="220727">AssignDomainToField D:\HOME_OFFICE\Validacion_Climas_muestras\Validacion_INDICE_ESTREMOS_CLIMATICOS\GDB_Indices_extremos.gdb\Datos_Regiones_Dataset_ITRF2008\tendencia_regional_r10mm INICIO INICIO #</Process><Process ToolSource="c:\program files (x86)\arcgis\desktop10.8\ArcToolbox\Toolboxes\Data Management Tools.tbx\AssignDomainToField" Date="20210421" Time="220731">AssignDomainToField D:\HOME_OFFICE\Validacion_Climas_muestras\Validacion_INDICE_ESTREMOS_CLIMATICOS\GDB_Indices_extremos.gdb\Datos_Regiones_Dataset_ITRF2008\tendencia_regional_r10mm FIN FIN #</Process><Process ToolSource="c:\program files (x86)\arcgis\desktop10.8\ArcToolbox\Toolboxes\Data Management Tools.tbx\AssignDomainToField" Date="20210421" Time="220735">AssignDomainToField D:\HOME_OFFICE\Validacion_Climas_muestras\Validacion_INDICE_ESTREMOS_CLIMATICOS\GDB_Indices_extremos.gdb\Datos_Regiones_Dataset_ITRF2008\tendencia_regional_r10mm Cal_pos Cal_pos #</Process><Process ToolSource="c:\program files (x86)\arcgis\desktop10.8\ArcToolbox\Toolboxes\Data Management Tools.tbx\AssignDomainToField" Date="20210421" Time="220811">AssignDomainToField D:\HOME_OFFICE\Validacion_Climas_muestras\Validacion_INDICE_ESTREMOS_CLIMATICOS\GDB_Indices_extremos.gdb\Datos_Regiones_Dataset_ITRF2008\tendencia_regional_r10mm DESV_EST DESV_EST #</Process><Process ToolSource="c:\program files (x86)\arcgis\desktop10.8\ArcToolbox\Toolboxes\Data Management Tools.tbx\AssignDomainToField" Date="20210422" Time="085319">AssignDomainToField D:\HOME_OFFICE\Validacion_Climas_muestras\Validacion_INDICE_ESTREMOS_CLIMATICOS\GDB_Indices_extremos.gdb\Datos_Regiones_Dataset_ITRF2008\tendencia_regional_r10mm INICIO INICIO #</Process><Process ToolSource="c:\program files (x86)\arcgis\desktop10.8\ArcToolbox\Toolboxes\Data Management Tools.tbx\AssignDomainToField" Date="20210422" Time="085325">AssignDomainToField D:\HOME_OFFICE\Validacion_Climas_muestras\Validacion_INDICE_ESTREMOS_CLIMATICOS\GDB_Indices_extremos.gdb\Datos_Regiones_Dataset_ITRF2008\tendencia_regional_r10mm FIN FIN #</Process><Process ToolSource="c:\program files (x86)\arcgis\desktop10.8\ArcToolbox\Toolboxes\Data Management Tools.tbx\AssignDomainToField" Date="20210422" Time="085330">AssignDomainToField D:\HOME_OFFICE\Validacion_Climas_muestras\Validacion_INDICE_ESTREMOS_CLIMATICOS\GDB_Indices_extremos.gdb\Datos_Regiones_Dataset_ITRF2008\tendencia_regional_r10mm R10MM_P R10MM_P #</Process><Process ToolSource="c:\program files (x86)\arcgis\desktop10.8\ArcToolbox\Toolboxes\Data Management Tools.tbx\AssignDomainToField" Date="20210422" Time="085335">AssignDomainToField D:\HOME_OFFICE\Validacion_Climas_muestras\Validacion_INDICE_ESTREMOS_CLIMATICOS\GDB_Indices_extremos.gdb\Datos_Regiones_Dataset_ITRF2008\tendencia_regional_r10mm C_V C_V #</Process><Process ToolSource="c:\program files (x86)\arcgis\desktop10.8\ArcToolbox\Toolboxes\Data Management Tools.tbx\AssignDomainToField" Date="20210422" Time="085339">AssignDomainToField D:\HOME_OFFICE\Validacion_Climas_muestras\Validacion_INDICE_ESTREMOS_CLIMATICOS\GDB_Indices_extremos.gdb\Datos_Regiones_Dataset_ITRF2008\tendencia_regional_r10mm TEND_L TEND_L #</Process><Process ToolSource="c:\program files (x86)\arcgis\desktop10.8\ArcToolbox\Toolboxes\Data Management Tools.tbx\AssignDomainToField" Date="20210422" Time="085342">AssignDomainToField D:\HOME_OFFICE\Validacion_Climas_muestras\Validacion_INDICE_ESTREMOS_CLIMATICOS\GDB_Indices_extremos.gdb\Datos_Regiones_Dataset_ITRF2008\tendencia_regional_r10mm P_VAL P_VAL #</Process><Process ToolSource="c:\program files (x86)\arcgis\desktop10.8\ArcToolbox\Toolboxes\Data Management Tools.tbx\AssignDomainToField" Date="20210422" Time="085346">AssignDomainToField D:\HOME_OFFICE\Validacion_Climas_muestras\Validacion_INDICE_ESTREMOS_CLIMATICOS\GDB_Indices_extremos.gdb\Datos_Regiones_Dataset_ITRF2008\tendencia_regional_r10mm DESV_EST DESV_EST #</Process><Process ToolSource="c:\program files (x86)\arcgis\desktop10.8\ArcToolbox\Toolboxes\Data Management Tools.tbx\AssignDomainToField" Date="20210422" Time="085350">AssignDomainToField D:\HOME_OFFICE\Validacion_Climas_muestras\Validacion_INDICE_ESTREMOS_CLIMATICOS\GDB_Indices_extremos.gdb\Datos_Regiones_Dataset_ITRF2008\tendencia_regional_r10mm N_T_CRIT N_T_CRIT #</Process><Process ToolSource="c:\program files (x86)\arcgis\desktop10.8\ArcToolbox\Toolboxes\Data Management Tools.tbx\AssignDomainToField" Date="20210422" Time="085353">AssignDomainToField D:\HOME_OFFICE\Validacion_Climas_muestras\Validacion_INDICE_ESTREMOS_CLIMATICOS\GDB_Indices_extremos.gdb\Datos_Regiones_Dataset_ITRF2008\tendencia_regional_r10mm VAR_PER VAR_PER #</Process><Process ToolSource="c:\program files (x86)\arcgis\desktop10.8\ArcToolbox\Toolboxes\Data Management Tools.tbx\AssignDomainToField" Date="20210422" Time="085357">AssignDomainToField D:\HOME_OFFICE\Validacion_Climas_muestras\Validacion_INDICE_ESTREMOS_CLIMATICOS\GDB_Indices_extremos.gdb\Datos_Regiones_Dataset_ITRF2008\tendencia_regional_r10mm SIG_EST SIG_EST #</Process><Process ToolSource="c:\program files (x86)\arcgis\desktop10.8\ArcToolbox\Toolboxes\Data Management Tools.tbx\AssignDomainToField" Date="20210422" Time="085401">AssignDomainToField D:\HOME_OFFICE\Validacion_Climas_muestras\Validacion_INDICE_ESTREMOS_CLIMATICOS\GDB_Indices_extremos.gdb\Datos_Regiones_Dataset_ITRF2008\tendencia_regional_r10mm Cal_pos Cal_pos #</Process><Process ToolSource="c:\program files (x86)\arcgis\desktop10.8\ArcToolbox\Toolboxes\Data Management Tools.tbx\AssignDomainToField" Date="20210422" Time="085406">AssignDomainToField D:\HOME_OFFICE\Validacion_Climas_muestras\Validacion_INDICE_ESTREMOS_CLIMATICOS\GDB_Indices_extremos.gdb\Datos_Regiones_Dataset_ITRF2008\tendencia_regional_r10mm AÑOS_REG AÑOS_REG #</Process><Process ToolSource="c:\program files (x86)\arcgis\desktop10.8\ArcToolbox\Toolboxes\Data Management Tools.tbx\AssignDomainToField" Date="20210422" Time="085410">AssignDomainToField D:\HOME_OFFICE\Validacion_Climas_muestras\Validacion_INDICE_ESTREMOS_CLIMATICOS\GDB_Indices_extremos.gdb\Datos_Regiones_Dataset_ITRF2008\tendencia_regional_r10mm AÑOS AÑOS_CCD_MEN_PROM #</Process><Process ToolSource="c:\program files (x86)\arcgis\desktop10.8\ArcToolbox\Toolboxes\Data Management Tools.tbx\AssignDomainToField" Date="20210422" Time="102226">AssignDomainToField D:\HOME_OFFICE\Validacion_Climas_muestras\Validacion_INDICE_ESTREMOS_CLIMATICOS\GDB_Indices_extremos.gdb\Datos_Regiones_Dataset_ITRF2008\tendencia_regional_r10mm AÑOS_REG AÑOS_REG #</Process><Process ToolSource="c:\program files (x86)\arcgis\desktop10.8\ArcToolbox\Toolboxes\Data Management Tools.tbx\AssignDomainToField" Date="20210422" Time="102229">AssignDomainToField D:\HOME_OFFICE\Validacion_Climas_muestras\Validacion_INDICE_ESTREMOS_CLIMATICOS\GDB_Indices_extremos.gdb\Datos_Regiones_Dataset_ITRF2008\tendencia_regional_r10mm AÑOS AÑOS_CCD_MEN_PROM #</Process><Process ToolSource="c:\program files (x86)\arcgis\desktop10.8\ArcToolbox\Toolboxes\Data Management Tools.tbx\AssignDomainToField" Date="20210422" Time="102234">AssignDomainToField D:\HOME_OFFICE\Validacion_Climas_muestras\Validacion_INDICE_ESTREMOS_CLIMATICOS\GDB_Indices_extremos.gdb\Datos_Regiones_Dataset_ITRF2008\tendencia_regional_r10mm INICIO INICIO #</Process><Process ToolSource="c:\program files (x86)\arcgis\desktop10.8\ArcToolbox\Toolboxes\Data Management Tools.tbx\AssignDomainToField" Date="20210422" Time="102237">AssignDomainToField D:\HOME_OFFICE\Validacion_Climas_muestras\Validacion_INDICE_ESTREMOS_CLIMATICOS\GDB_Indices_extremos.gdb\Datos_Regiones_Dataset_ITRF2008\tendencia_regional_r10mm FIN FIN #</Process><Process ToolSource="c:\program files (x86)\arcgis\desktop10.8\ArcToolbox\Toolboxes\Data Management Tools.tbx\AssignDomainToField" Date="20210422" Time="102240">AssignDomainToField D:\HOME_OFFICE\Validacion_Climas_muestras\Validacion_INDICE_ESTREMOS_CLIMATICOS\GDB_Indices_extremos.gdb\Datos_Regiones_Dataset_ITRF2008\tendencia_regional_r10mm Cal_pos Cal_pos #</Process><Process ToolSource="c:\program files (x86)\arcgis\desktop10.8\ArcToolbox\Toolboxes\Data Management Tools.tbx\AssignDomainToField" Date="20210422" Time="102310">AssignDomainToField D:\HOME_OFFICE\Validacion_Climas_muestras\Validacion_INDICE_ESTREMOS_CLIMATICOS\GDB_Indices_extremos.gdb\Datos_Regiones_Dataset_ITRF2008\tendencia_regional_r10mm DESV_EST DESV_EST #</Process><Process ToolSource="c:\program files (x86)\arcgis\desktop10.8\ArcToolbox\Toolboxes\Data Management Tools.tbx\AssignDomainToField" Date="20210422" Time="175632">AssignDomainToField D:\HOME_OFFICE\Validacion_Climas_muestras\Validacion_INDICE_ESTREMOS_CLIMATICOS\GDB_Indices_extremos.gdb\Datos_Regiones_Dataset_ITRF2008\tendencia_regional_r10mm R_CLIM R_CLIM #</Process><Process ToolSource="c:\program files (x86)\arcgis\desktop10.8\ArcToolbox\Toolboxes\Data Management Tools.tbx\AssignDomainToField" Date="20210422" Time="175636">AssignDomainToField D:\HOME_OFFICE\Validacion_Climas_muestras\Validacion_INDICE_ESTREMOS_CLIMATICOS\GDB_Indices_extremos.gdb\Datos_Regiones_Dataset_ITRF2008\tendencia_regional_r10mm NR_CLIM N_R_CLIM #</Process><Process ToolSource="c:\program files (x86)\arcgis\desktop10.8\ArcToolbox\Toolboxes\Data Management Tools.tbx\AssignDomainToField" Date="20210422" Time="175640">AssignDomainToField D:\HOME_OFFICE\Validacion_Climas_muestras\Validacion_INDICE_ESTREMOS_CLIMATICOS\GDB_Indices_extremos.gdb\Datos_Regiones_Dataset_ITRF2008\tendencia_regional_r10mm INICIO INICIO #</Process><Process ToolSource="c:\program files (x86)\arcgis\desktop10.8\ArcToolbox\Toolboxes\Data Management Tools.tbx\AssignDomainToField" Date="20210422" Time="175644">AssignDomainToField D:\HOME_OFFICE\Validacion_Climas_muestras\Validacion_INDICE_ESTREMOS_CLIMATICOS\GDB_Indices_extremos.gdb\Datos_Regiones_Dataset_ITRF2008\tendencia_regional_r10mm FIN FIN #</Process><Process ToolSource="c:\program files (x86)\arcgis\desktop10.8\ArcToolbox\Toolboxes\Data Management Tools.tbx\AssignDomainToField" Date="20210422" Time="175648">AssignDomainToField D:\HOME_OFFICE\Validacion_Climas_muestras\Validacion_INDICE_ESTREMOS_CLIMATICOS\GDB_Indices_extremos.gdb\Datos_Regiones_Dataset_ITRF2008\tendencia_regional_r10mm R10MM_P R10MM_P #</Process><Process ToolSource="c:\program files (x86)\arcgis\desktop10.8\ArcToolbox\Toolboxes\Data Management Tools.tbx\AssignDomainToField" Date="20210422" Time="175652">AssignDomainToField D:\HOME_OFFICE\Validacion_Climas_muestras\Validacion_INDICE_ESTREMOS_CLIMATICOS\GDB_Indices_extremos.gdb\Datos_Regiones_Dataset_ITRF2008\tendencia_regional_r10mm C_V C_V #</Process><Process ToolSource="c:\program files (x86)\arcgis\desktop10.8\ArcToolbox\Toolboxes\Data Management Tools.tbx\AssignDomainToField" Date="20210422" Time="175656">AssignDomainToField D:\HOME_OFFICE\Validacion_Climas_muestras\Validacion_INDICE_ESTREMOS_CLIMATICOS\GDB_Indices_extremos.gdb\Datos_Regiones_Dataset_ITRF2008\tendencia_regional_r10mm TEND_L TEND_L #</Process><Process ToolSource="c:\program files (x86)\arcgis\desktop10.8\ArcToolbox\Toolboxes\Data Management Tools.tbx\AssignDomainToField" Date="20210422" Time="175700">AssignDomainToField D:\HOME_OFFICE\Validacion_Climas_muestras\Validacion_INDICE_ESTREMOS_CLIMATICOS\GDB_Indices_extremos.gdb\Datos_Regiones_Dataset_ITRF2008\tendencia_regional_r10mm P_VAL P_VAL #</Process><Process ToolSource="c:\program files (x86)\arcgis\desktop10.8\ArcToolbox\Toolboxes\Data Management Tools.tbx\AssignDomainToField" Date="20210422" Time="175705">AssignDomainToField D:\HOME_OFFICE\Validacion_Climas_muestras\Validacion_INDICE_ESTREMOS_CLIMATICOS\GDB_Indices_extremos.gdb\Datos_Regiones_Dataset_ITRF2008\tendencia_regional_r10mm DESV_EST DESV_EST #</Process><Process ToolSource="c:\program files (x86)\arcgis\desktop10.8\ArcToolbox\Toolboxes\Data Management Tools.tbx\AssignDomainToField" Date="20210422" Time="175709">AssignDomainToField D:\HOME_OFFICE\Validacion_Climas_muestras\Validacion_INDICE_ESTREMOS_CLIMATICOS\GDB_Indices_extremos.gdb\Datos_Regiones_Dataset_ITRF2008\tendencia_regional_r10mm N_T_CRIT N_T_CRIT #</Process><Process ToolSource="c:\program files (x86)\arcgis\desktop10.8\ArcToolbox\Toolboxes\Data Management Tools.tbx\AssignDomainToField" Date="20210422" Time="175713">AssignDomainToField D:\HOME_OFFICE\Validacion_Climas_muestras\Validacion_INDICE_ESTREMOS_CLIMATICOS\GDB_Indices_extremos.gdb\Datos_Regiones_Dataset_ITRF2008\tendencia_regional_r10mm VAR_PER VAR_PER #</Process><Process ToolSource="c:\program files (x86)\arcgis\desktop10.8\ArcToolbox\Toolboxes\Data Management Tools.tbx\AssignDomainToField" Date="20210422" Time="175717">AssignDomainToField D:\HOME_OFFICE\Validacion_Climas_muestras\Validacion_INDICE_ESTREMOS_CLIMATICOS\GDB_Indices_extremos.gdb\Datos_Regiones_Dataset_ITRF2008\tendencia_regional_r10mm SIG_EST SIG_EST #</Process><Process ToolSource="c:\program files (x86)\arcgis\desktop10.8\ArcToolbox\Toolboxes\Data Management Tools.tbx\AssignDomainToField" Date="20210422" Time="175722">AssignDomainToField D:\HOME_OFFICE\Validacion_Climas_muestras\Validacion_INDICE_ESTREMOS_CLIMATICOS\GDB_Indices_extremos.gdb\Datos_Regiones_Dataset_ITRF2008\tendencia_regional_r10mm Cal_pos Cal_pos #</Process><Process ToolSource="c:\program files (x86)\arcgis\desktop10.8\ArcToolbox\Toolboxes\Data Management Tools.tbx\AssignDomainToField" Date="20210422" Time="175728">AssignDomainToField D:\HOME_OFFICE\Validacion_Climas_muestras\Validacion_INDICE_ESTREMOS_CLIMATICOS\GDB_Indices_extremos.gdb\Datos_Regiones_Dataset_ITRF2008\tendencia_regional_r10mm AÑOS_REG AÑOS_REG #</Process><Process ToolSource="c:\program files (x86)\arcgis\desktop10.8\ArcToolbox\Toolboxes\Data Management Tools.tbx\AssignDomainToField" Date="20210422" Time="175732">AssignDomainToField D:\HOME_OFFICE\Validacion_Climas_muestras\Validacion_INDICE_ESTREMOS_CLIMATICOS\GDB_Indices_extremos.gdb\Datos_Regiones_Dataset_ITRF2008\tendencia_regional_r10mm AÑOS AÑOS_CCD_MEN_PROM #</Process><Process ToolSource="c:\program files (x86)\arcgis\desktop10.8\ArcToolbox\Toolboxes\Data Management Tools.tbx\AssignDomainToField" Date="20210422" Time="190947">AssignDomainToField D:\HOME_OFFICE\Validacion_Climas_muestras\Validacion_INDICE_ESTREMOS_CLIMATICOS\GDB_Indices_extremos.gdb\Datos_Regiones_Dataset_ITRF2008\tendencia_regional_r10mm AÑOS_REG AÑOS_REG #</Process><Process ToolSource="c:\program files (x86)\arcgis\desktop10.8\ArcToolbox\Toolboxes\Data Management Tools.tbx\AssignDomainToField" Date="20210422" Time="190949">AssignDomainToField D:\HOME_OFFICE\Validacion_Climas_muestras\Validacion_INDICE_ESTREMOS_CLIMATICOS\GDB_Indices_extremos.gdb\Datos_Regiones_Dataset_ITRF2008\tendencia_regional_r10mm AÑOS AÑOS_CCD_MEN_PROM #</Process><Process ToolSource="c:\program files (x86)\arcgis\desktop10.8\ArcToolbox\Toolboxes\Data Management Tools.tbx\AssignDomainToField" Date="20210422" Time="190954">AssignDomainToField D:\HOME_OFFICE\Validacion_Climas_muestras\Validacion_INDICE_ESTREMOS_CLIMATICOS\GDB_Indices_extremos.gdb\Datos_Regiones_Dataset_ITRF2008\tendencia_regional_r10mm INICIO INICIO #</Process><Process ToolSource="c:\program files (x86)\arcgis\desktop10.8\ArcToolbox\Toolboxes\Data Management Tools.tbx\AssignDomainToField" Date="20210422" Time="190957">AssignDomainToField D:\HOME_OFFICE\Validacion_Climas_muestras\Validacion_INDICE_ESTREMOS_CLIMATICOS\GDB_Indices_extremos.gdb\Datos_Regiones_Dataset_ITRF2008\tendencia_regional_r10mm FIN FIN #</Process><Process ToolSource="c:\program files (x86)\arcgis\desktop10.8\ArcToolbox\Toolboxes\Data Management Tools.tbx\AssignDomainToField" Date="20210422" Time="191000">AssignDomainToField D:\HOME_OFFICE\Validacion_Climas_muestras\Validacion_INDICE_ESTREMOS_CLIMATICOS\GDB_Indices_extremos.gdb\Datos_Regiones_Dataset_ITRF2008\tendencia_regional_r10mm Cal_pos Cal_pos #</Process><Process ToolSource="c:\program files (x86)\arcgis\desktop10.8\ArcToolbox\Toolboxes\Data Management Tools.tbx\AssignDomainToField" Date="20210422" Time="191031">AssignDomainToField D:\HOME_OFFICE\Validacion_Climas_muestras\Validacion_INDICE_ESTREMOS_CLIMATICOS\GDB_Indices_extremos.gdb\Datos_Regiones_Dataset_ITRF2008\tendencia_regional_r10mm DESV_EST DESV_EST #</Process><Process ToolSource="c:\program files (x86)\arcgis\desktop10.8\ArcToolbox\Toolboxes\Data Management Tools.tbx\Append" Date="20210430" Time="114925">Append 'D:\HOME_OFFICE\Validacion_Climas_muestras\Validacion_INDICE_ESTREMOS_CLIMATICOS\DATOS REGIONALES\Data_for_Load\tendencia_regional_r10mm_ITRF08.shp' D:\HOME_OFFICE\Validacion_Climas_muestras\Validacion_INDICE_ESTREMOS_CLIMATICOS\GDB_Indices_extremos.gdb\Datos_Regiones_Dataset_ITRF2008\tendencia_regional_r10mm TEST # #</Process><Process ToolSource="c:\program files (x86)\arcgis\desktop10.8\ArcToolbox\Toolboxes\Data Management Tools.tbx\RecalculateFeatureClassExtent" Date="20210506" Time="160741">RecalculateFeatureClassExtent D:\HOME_OFFICE\Validacion_Climas_muestras\Validacion_INDICE_ESTREMOS_CLIMATICOS\GDB_Indices_extremos.gdb\Datos_Regiones_Dataset_ITRF2008\tendencia_regional_r10mm</Process><Process ToolSource="c:\program files (x86)\arcgis\desktop10.8\ArcToolbox\Toolboxes\Data Management Tools.tbx\RecalculateFeatureClassExtent" Date="20210506" Time="170712">RecalculateFeatureClassExtent D:\HOME_OFFICE\Validacion_Climas_muestras\Validacion_INDICE_ESTREMOS_CLIMATICOS\GDB_Indices_extremos.gdb\Datos_Regiones_Dataset_ITRF2008\tendencia_regional_r10mm</Process><Process ToolSource="c:\program files (x86)\arcgis\desktop10.8\ArcToolbox\Toolboxes\Data Management Tools.tbx\Append" Date="20210510" Time="135844">Append 'D:\HOME_OFFICE\Validacion_Climas_muestras\Validacion_INDICE_ESTREMOS_CLIMATICOS\DATOS REGIONALES\Data_for_Load\tendencia_regional_r10mm_ITRF08.shp' D:\HOME_OFFICE\Validacion_Climas_muestras\Validacion_INDICE_ESTREMOS_CLIMATICOS\CARGA_FEATURES_2\Indices_Extresmos_2.gdb\Datos_Regiones_Dataset_ITRF2008\tendencia_regional_r10mm TEST # #</Process><Process ToolSource="c:\program files (x86)\arcgis\desktop10.8\ArcToolbox\Toolboxes\Data Management Tools.tbx\DeleteFeatures" Date="20210510" Time="161510">DeleteFeatures D:\HOME_OFFICE\Validacion_Climas_muestras\Validacion_INDICE_ESTREMOS_CLIMATICOS\CARGA_FEATURES_2\Indices_Extresmos_2.gdb\Datos_Regiones_Dataset_ITRF2008\tendencia_regional_r10mm</Process><Process ToolSource="c:\program files (x86)\arcgis\desktop10.8\ArcToolbox\Toolboxes\Data Management Tools.tbx\Append" Date="20210510" Time="164509">Append 'D:\HOME_OFFICE\Validacion_Climas_muestras\Validacion_INDICE_ESTREMOS_CLIMATICOS\DATOS REGIONALES\Data_for_Load\tendencia_regional_r10mm_ITRF08.shp' D:\HOME_OFFICE\Validacion_Climas_muestras\Validacion_INDICE_ESTREMOS_CLIMATICOS\CARGA_FEATURES_2\Indices_Extresmos_2.gdb\Datos_Regiones_Dataset_ITRF2008\tendencia_regional_r10mm TEST # #</Process><Process ToolSource="c:\program files (x86)\arcgis\desktop10.8\ArcToolbox\Toolboxes\Data Management Tools.tbx\RecalculateFeatureClassExtent" Date="20210510" Time="211651">RecalculateFeatureClassExtent D:\HOME_OFFICE\Validacion_Climas_muestras\Validacion_INDICE_ESTREMOS_CLIMATICOS\CARGA_FEATURES_2\Indices_Extremos_2.gdb\Datos_Regiones_Dataset_ITRF2008\tendencia_regional_r10mm</Process><Process ToolSource="c:\program files (x86)\arcgis\desktop10.8\ArcToolbox\Toolboxes\Data Management Tools.tbx\Append" Date="20210511" Time="092215">Append 'D:\HOME_OFFICE\Validacion_Climas_muestras\Validacion_INDICE_ESTREMOS_CLIMATICOS\DATOS REGIONALES\Data_for_Load\tendencia_regional_r10mm_ITRF08.shp' D:\HOME_OFFICE\Validacion_Climas_muestras\Validacion_INDICE_ESTREMOS_CLIMATICOS\CARGA_FEATURES_2\Indices_Extremos_2.gdb\Datos_Regiones_Dataset_ITRF2008\tendencia_regional_r10mm TEST # #</Process><Process ToolSource="c:\program files (x86)\arcgis\desktop10.8\ArcToolbox\Toolboxes\Data Management Tools.tbx\RecalculateFeatureClassExtent" Date="20210511" Time="093201">RecalculateFeatureClassExtent D:\HOME_OFFICE\Validacion_Climas_muestras\Validacion_INDICE_ESTREMOS_CLIMATICOS\CARGA_FEATURES_2\Indices_Extremos_2.gdb\Datos_Regiones_Dataset_ITRF2008\tendencia_regional_r10mm</Process><Process ToolSource="c:\program files (x86)\arcgis\desktop10.8\ArcToolbox\Toolboxes\Data Management Tools.tbx\Append" Date="20210511" Time="101547">Append 'D:\HOME_OFFICE\Validacion_Climas_muestras\Validacion_INDICE_ESTREMOS_CLIMATICOS\DATOS REGIONALES\Data_for_Load\tendencia_regional_r10mm_ITRF08.shp' D:\HOME_OFFICE\Validacion_Climas_muestras\Validacion_INDICE_ESTREMOS_CLIMATICOS\CARGA_FEATURES_2\otra_3.gdb\Datos_Regiones_Dataset_ITRF2008\tendencia_regional_r10mm TEST # #</Process><Process ToolSource="c:\program files (x86)\arcgis\desktop10.8\ArcToolbox\Toolboxes\Data Management Tools.tbx\Append" Date="20210518" Time="162625">Append D:\Carga_esquema_BDC\Datos_regiones\tendencia_regional_r10mm_ITRF08.shp D:\Carga_esquema_BDC\BD_climatologica.gdb\Datos_Regiones_Dataset_ITRF2008\tendencia_regional_r10mm TEST # #</Process><Process ToolSource="c:\program files (x86)\arcgis\desktop10.8\ArcToolbox\Toolboxes\Data Management Tools.tbx\Append" Date="20210519" Time="090514">Append D:\Carga_esquema_BDC\Datos_regiones\tendencia_regional_r10mm_ITRF08.shp D:\Carga_esquema_BDC\BD_climatologica.gdb\Datos_Regiones_Dataset_ITRF2008\tendencia_regional_r10mm TEST # #</Process><Process ToolSource="c:\program files (x86)\arcgis\desktop10.8\ArcToolbox\Toolboxes\Data Management Tools.tbx\Append" Date="20210519" Time="094107">Append D:\Carga_esquema_BDC\Datos_regiones\tendencia_regional_r10mm_ITRF08.shp D:\Carga_esquema_BDC\BD_climatologica.gdb\Datos_Regiones_Dataset_ITRF2008\tendencia_regional_r10mm TEST # #</Process><Process ToolSource="c:\program files (x86)\arcgis\desktop10.8\ArcToolbox\Toolboxes\Data Management Tools.tbx\Append" Date="20210519" Time="101116">Append D:\Carga_esquema_BDC\Datos_regiones\tendencia_regional_r10mm_ITRF08.shp D:\Carga_esquema_BDC\BD_climatologica.gdb\Datos_Regiones_Dataset_ITRF2008\tendencia_regional_r10mm TEST # #</Process><Process ToolSource="c:\program files (x86)\arcgis\desktop10.8\ArcToolbox\Toolboxes\Data Management Tools.tbx\Append" Date="20210519" Time="121535">Append D:\Carga_esquema_BDC\Datos_regiones\tendencia_regional_r10mm_ITRF08.shp D:\Carga_esquema_BDC\BD_climatologica.gdb\Datos_Regiones_Dataset_ITRF2008\tendencia_regional_r10mm TEST # #</Process><Process ToolSource="c:\program files (x86)\arcgis\desktop10.8\ArcToolbox\Toolboxes\Data Management Tools.tbx\Append" Date="20210519" Time="132022">Append D:\Carga_esquema_BDC\Datos_regiones\tendencia_regional_r10mm_ITRF08.shp D:\Carga_esquema_BDC\BD_climatologica.gdb\Datos_Regiones_Dataset_ITRF2008\tendencia_regional_r10mm TEST # #</Process></lineage><itemProps><itemName Sync="TRUE">tendencia_regional_r10mm</itemName><imsContentType Sync="TRUE">002</imsContentType><itemSize Sync="TRUE">0.000</itemSize><itemLocation><linkage Sync="TRUE">file://\\GEORNA045782D\D$\Documents\2021\BD-Climatológica-corrección\2 Base datos espacial GDB\BD_climatologica_shape\Datos_regiones\tendencia_regional_r10mm.shp</linkage><protocol Sync="TRUE">Local Area Network</protocol></itemLocation></itemProps><coordRef><type Sync="TRUE">Geographic</type><geogcsn Sync="TRUE">GCS_ITRF_2008</geogcsn><csUnits Sync="TRUE">Angular Unit: Degree (0.017453)</csUnits><peXml Sync="TRUE">&lt;GeographicCoordinateSystem xsi:type='typens:GeographicCoordinateSystem' xmlns:xsi='http://www.w3.org/2001/XMLSchema-instance' xmlns:xs='http://www.w3.org/2001/XMLSchema' xmlns:typens='http://www.esri.com/schemas/ArcGIS/10.8'&gt;&lt;WKT&gt;GEOGCS[&amp;quot;GCS_ITRF_2008&amp;quot;,DATUM[&amp;quot;D_ITRF_2008&amp;quot;,SPHEROID[&amp;quot;GRS_1980&amp;quot;,6378137.0,298.257222101]],PRIMEM[&amp;quot;Greenwich&amp;quot;,0.0],UNIT[&amp;quot;Degree&amp;quot;,0.0174532925199433],AUTHORITY[&amp;quot;EPSG&amp;quot;,8999]]&lt;/WKT&gt;&lt;XOrigin&gt;-400&lt;/XOrigin&gt;&lt;YOrigin&gt;-400&lt;/YOrigin&gt;&lt;XYScale&gt;11258999068426.238&lt;/XYScale&gt;&lt;ZOrigin&gt;-100000&lt;/ZOrigin&gt;&lt;ZScale&gt;10000&lt;/ZScale&gt;&lt;MOrigin&gt;-100000&lt;/MOrigin&gt;&lt;MScale&gt;10000&lt;/MScale&gt;&lt;XYTolerance&gt;8.9831528411952133e-09&lt;/XYTolerance&gt;&lt;ZTolerance&gt;0.001&lt;/ZTolerance&gt;&lt;MTolerance&gt;0.001&lt;/MTolerance&gt;&lt;HighPrecision&gt;true&lt;/HighPrecision&gt;&lt;LeftLongitude&gt;-180&lt;/LeftLongitude&gt;&lt;WKID&gt;104257&lt;/WKID&gt;&lt;LatestWKID&gt;8999&lt;/LatestWKID&gt;&lt;/GeographicCoordinateSystem&gt;</peXml></coordRef></DataProperties><SyncDate>20210601</SyncDate><SyncTime>06564300</SyncTime><ModDate>20210601</ModDate><ModTime>06564300</ModTime></Esri><dataIdInfo><envirDesc Sync="TRUE"> Version 6.2 (Build 9200) ; Esri ArcGIS 10.8.1.14362</envirDesc><dataLang><languageCode value="spa" Sync="TRUE"></languageCode><countryCode value="MEX" Sync="TRUE"></countryCode></dataLang><idCitation><resTitle Sync="TRUE">tendencia_regional_r10mm</resTitle><presForm><PresFormCd value="005" Sync="TRUE"></PresFormCd></presForm></idCitation><spatRpType><SpatRepTypCd value="001" Sync="TRUE"></SpatRepTypCd></spatRpType></dataIdInfo><mdLang><languageCode value="spa" Sync="TRUE"></languageCode><countryCode value="MEX" Sync="TRUE"></countryCode></mdLang><distInfo><distFormat><formatName Sync="TRUE">Shapefile</formatName></distFormat><distTranOps><transSize Sync="TRUE">0.000</transSize></distTranOps></distInfo><mdHrLv><ScopeCd value="005" Sync="TRUE"></ScopeCd></mdHrLv><mdHrLvName Sync="TRUE">dataset</mdHrLvName><refSysInfo><RefSystem><refSysID><identCode code="8999" Sync="TRUE"></identCode><idCodeSpace Sync="TRUE">EPSG</idCodeSpace><idVersion Sync="TRUE">9.6.3(10.8.0)</idVersion></refSysID></RefSystem></refSysInfo><spatRepInfo><VectSpatRep><geometObjs Name="tendencia_regional_r10mm"><geoObjTyp><GeoObjTypCd value="002" Sync="TRUE"></GeoObjTypCd></geoObjTyp><geoObjCnt Sync="TRUE">0</geoObjCnt></geometObjs><topLvl><TopoLevCd value="001" Sync="TRUE"></TopoLevCd></topLvl></VectSpatRep></spatRepInfo><spdoinfo><ptvctinf><esriterm Name="tendencia_regional_r10mm"><efeatyp Sync="TRUE">Simple</efeatyp><efeageom code="4" Sync="TRUE"></efeageom><esritopo Sync="TRUE">FALSE</esritopo><efeacnt Sync="TRUE">0</efeacnt><spindex Sync="TRUE">FALSE</spindex><linrefer Sync="TRUE">FALSE</linrefer></esriterm></ptvctinf></spdoinfo><eainfo><detailed Name="tendencia_regional_r10mm"><enttyp><enttypl Sync="TRUE">tendencia_regional_r10mm</enttypl><enttypt Sync="TRUE">Feature Class</enttypt><enttypc Sync="TRUE">0</enttypc></enttyp><attr><attrlabl Sync="TRUE">FID</attrlabl><attalias Sync="TRUE">FID</attalias><attrtype Sync="TRUE">OID</attrtype><attwidth Sync="TRUE">4</attwidth><atprecis Sync="TRUE">0</atprecis><attscale Sync="TRUE">0</attscale><attrdef Sync="TRUE">Internal feature number.</attrdef><attrdefs Sync="TRUE">Esri</attrdefs><attrdomv><udom Sync="TRUE">Sequential unique whole numbers that are automatically generated.</udom></attrdomv></attr><attr><attrlabl Sync="TRUE">Shape</attrlabl><attalias Sync="TRUE">Shape</attalias><attrtype Sync="TRUE">Geometry</attrtype><attwidth Sync="TRUE">0</attwidth><atprecis Sync="TRUE">0</atprecis><attscale Sync="TRUE">0</attscale><attrdef Sync="TRUE">Feature geometry.</attrdef><attrdefs Sync="TRUE">Esri</attrdefs><attrdomv><udom Sync="TRUE">Coordinates defining the features.</udom></attrdomv></attr><attr><attrlabl Sync="TRUE">R_CLIM</attrlabl><attalias Sync="TRUE">R_CLIM</attalias><attrtype Sync="TRUE">Integer</attrtype><attwidth Sync="TRUE">5</attwidth><atprecis Sync="TRUE">5</atprecis><attscale Sync="TRUE">0</attscale></attr><attr><attrlabl Sync="TRUE">NR_CLIM</attrlabl><attalias Sync="TRUE">NR_CLIM</attalias><attrtype Sync="TRUE">String</attrtype><attwidth Sync="TRUE">25</attwidth><atprecis Sync="TRUE">0</atprecis><attscale Sync="TRUE">0</attscale></attr><attr><attrlabl Sync="TRUE">INICIO</attrlabl><attalias Sync="TRUE">INICIO</attalias><attrtype Sync="TRUE">Integer</attrtype><attwidth Sync="TRUE">5</attwidth><atprecis Sync="TRUE">5</atprecis><attscale Sync="TRUE">0</attscale></attr><attr><attrlabl Sync="TRUE">FIN</attrlabl><attalias Sync="TRUE">FIN</attalias><attrtype Sync="TRUE">Integer</attrtype><attwidth Sync="TRUE">5</attwidth><atprecis Sync="TRUE">5</atprecis><attscale Sync="TRUE">0</attscale></attr><attr><attrlabl Sync="TRUE">AÑOS_REG</attrlabl><attalias Sync="TRUE">AÑOS_REG</attalias><attrtype Sync="TRUE">Integer</attrtype><attwidth Sync="TRUE">5</attwidth><atprecis Sync="TRUE">5</atprecis><attscale Sync="TRUE">0</attscale></attr><attr><attrlabl Sync="TRUE">AÑOS</attrlabl><attalias Sync="TRUE">AÑOS</attalias><attrtype Sync="TRUE">Integer</attrtype><attwidth Sync="TRUE">5</attwidth><atprecis Sync="TRUE">5</atprecis><attscale Sync="TRUE">0</attscale></attr><attr><attrlabl Sync="TRUE">R10MM_P</attrlabl><attalias Sync="TRUE">R10MM_P</attalias><attrtype Sync="TRUE">Single</attrtype><attwidth Sync="TRUE">13</attwidth><atprecis Sync="TRUE">0</atprecis><attscale Sync="TRUE">0</attscale></attr><attr><attrlabl Sync="TRUE">C_V</attrlabl><attalias Sync="TRUE">C_V</attalias><attrtype Sync="TRUE">Single</attrtype><attwidth Sync="TRUE">13</attwidth><atprecis Sync="TRUE">0</atprecis><attscale Sync="TRUE">0</attscale></attr><attr><attrlabl Sync="TRUE">TEND_L</attrlabl><attalias Sync="TRUE">TEND_L</attalias><attrtype Sync="TRUE">Single</attrtype><attwidth Sync="TRUE">13</attwidth><atprecis Sync="TRUE">0</atprecis><attscale Sync="TRUE">0</attscale></attr><attr><attrlabl Sync="TRUE">P_VAL</attrlabl><attalias Sync="TRUE">P_VAL</attalias><attrtype Sync="TRUE">Single</attrtype><attwidth Sync="TRUE">13</attwidth><atprecis Sync="TRUE">0</atprecis><attscale Sync="TRUE">0</attscale></attr><attr><attrlabl Sync="TRUE">DESV_EST</attrlabl><attalias Sync="TRUE">DESV_EST</attalias><attrtype Sync="TRUE">Single</attrtype><attwidth Sync="TRUE">13</attwidth><atprecis Sync="TRUE">0</atprecis><attscale Sync="TRUE">0</attscale></attr><attr><attrlabl Sync="TRUE">T_CRIT</attrlabl><attalias Sync="TRUE">T_CRIT</attalias><attrtype Sync="TRUE">Single</attrtype><attwidth Sync="TRUE">13</attwidth><atprecis Sync="TRUE">0</atprecis><attscale Sync="TRUE">0</attscale></attr><attr><attrlabl Sync="TRUE">VAR_PER</attrlabl><attalias Sync="TRUE">VAR_PER</attalias><attrtype Sync="TRUE">Single</attrtype><attwidth Sync="TRUE">13</attwidth><atprecis Sync="TRUE">0</atprecis><attscale Sync="TRUE">0</attscale></attr><attr><attrlabl Sync="TRUE">SIG_EST</attrlabl><attalias Sync="TRUE">SIG_EST</attalias><attrtype Sync="TRUE">Integer</attrtype><attwidth Sync="TRUE">5</attwidth><atprecis Sync="TRUE">5</atprecis><attscale Sync="TRUE">0</attscale></attr><attr><attrlabl Sync="TRUE">Cal_pos</attrlabl><attalias Sync="TRUE">Cal_pos</attalias><attrtype Sync="TRUE">String</attrtype><attwidth Sync="TRUE">10</attwidth><atprecis Sync="TRUE">0</atprecis><attscale Sync="TRUE">0</attscale></attr><attr><attrlabl Sync="TRUE">Shape_Leng</attrlabl><attalias Sync="TRUE">Shape_Leng</attalias><attrtype Sync="TRUE">Double</attrtype><attwidth Sync="TRUE">19</attwidth><atprecis Sync="TRUE">0</atprecis><attscale Sync="TRUE">0</attscale></attr><attr><attrlabl Sync="TRUE">Shape_Area</attrlabl><attalias Sync="TRUE">Shape_Area</attalias><attrtype Sync="TRUE">Double</attrtype><attwidth Sync="TRUE">19</attwidth><atprecis Sync="TRUE">0</atprecis><attscale Sync="TRUE">0</attscale><attrdef Sync="TRUE">Area of feature in internal units squared.</attrdef><attrdefs Sync="TRUE">Esri</attrdefs><attrdomv><udom Sync="TRUE">Positive real numbers that are automatically generated.</udom></attrdomv></attr></detailed></eainfo><mdDateSt Sync="TRUE">20210601</mdDateSt></metadata>
